<?xml version="1.0" encoding="UTF-8" standalone="yes"?>
<exportedTopic xmlns="http://bindings.egain.com/ps/extension/migration/gen/kb">
    <id>1001</id>
    <egainTopicPath>\Topics\[002][HPLIST1]Payments[NOMAIL POM, DODO, MMM]</egainTopicPath>
    <translate>1</translate>
    <exportedTopicLangDataList>
        <name>[002][HPLIST1]Payments[NOMAIL POM, DODO, MMM]</name>
        <description>[STORE Y]We're serious about safe shopping.[/STORE][STORE SHOE]Security is our middle name.&lt;BR&gt;Well, not literally.[/STORE][STORE TC]High security.[/STORE]</description>
        <language>en-us</language>
    </exportedTopicLangDataList>
    <exportedTopicLangDataList>
        <name>[002][HPLIST1][Payment]お支払い[NOMAIL POM, DODO, MMM]</name>
        <description>[STORE Y]安心してショッピングをお楽しみいただけるよう、最高レベルのセキュリティを保証しています。[/STORE][STORE SHOE]なによりもまずはセキュリティー。[/STORE][STORE TC]安心のセキュリティー[/STORE]</description>
        <language>ja-jp</language>
    </exportedTopicLangDataList>
    <exportedTopicLangDataList>
        <name>[002][HPLIST1][Payment]결제</name>
        <description>[STORE Y]안심하고 쇼핑을 즐길 수 있도록 최고 수준의 보안을 보장합니다.[/STORE]</description>
        <language>ko-kr</language>
    </exportedTopicLangDataList>
    <exportedTopicLangDataList>
        <name>[002][HPLIST1][Payment]ОПЛАТА[NOMAIL POM, MMM]</name>
        <description>[STORE Y]Мы гарантируем максимальную безопасность при оплате покупок.[/STORE][STORE SHOE]Безопасность — это наше второе "я".&lt;BR&gt;Но не стоит воспринимать это буквально.[/STORE][STORE TC]Безопасная система оплаты.[/STORE]</description>
        <language>ru-ru</language>
    </exportedTopicLangDataList>
    <exportedTopicLangDataList>
        <name>[002][HPLIST1]Zahlung[NOMAIL POM, DODO, MMM]</name>
        <description>[STORE Y]Sicheres Einkaufen ist uns ein besonderes Anliegen.[/STORE][STORE SHOE]Sicherheit ist unser zweiter Name.&lt;BR&gt;Nun ja, nicht wörtlich.[/STORE][STORE TC]Sicherheit garantiert![/STORE]</description>
        <language>de-de</language>
    </exportedTopicLangDataList>
    <exportedTopicLangDataList>
        <name>[002][HPLIST1]Pagamenti[NOMAIL POM, DODO, MMM]</name>
        <description>[STORE Y]Fai i tuoi acquisti in sicurezza.[/STORE][STORE SHOE]Sicurezza è il nostro secondo nome: una nostra priorità.[/STORE][STORE TC]Sicurezza garantita.[/STORE]</description>
        <language>it-it</language>
    </exportedTopicLangDataList>
    <exportedTopicLangDataList>
        <name>[002][HPLIST1]Pagos[NOMAIL POM, DODO, MMM]</name>
        <description>[STORE Y]Nos tomamos muy en serio la seguridad en tus compras.[/STORE][STORE SHOE]"Seguridad" es nuestro nombre.&lt;BR&gt;Bueno, no literalmente.[/STORE][STORE TC]Seguridad garantizada.[/STORE]</description>
        <language>es-es</language>
    </exportedTopicLangDataList>
    <exportedTopicLangDataList>
        <name>[002][HPLIST1]付款方式 [Payments]</name>
        <description></description>
        <language>zh-cn</language>
    </exportedTopicLangDataList>
    <exportedTopicLangDataList>
        <name>[002][HPLIST1][Payment]ΠΛΗΡΩΜΕΣ</name>
        <description>Παίρνουμε σοβαρά το θέμα της ασφάλειας συναλλαγών.</description>
        <language>el-gr</language>
    </exportedTopicLangDataList>
    <exportedTopicLangDataList>
        <name>[002][HPLIST1]Paiements[NOMAIL POM, DODO, MMM]</name>
        <description>[STORE Y]Nous sommes soucieux de l'achat sécurisé.[/STORE][STORE SHOE]Sécurité est notre deuxième nom.&lt;BR&gt;En quelque sorte.[/STORE][STORE TC]Sécurité garantie[/STORE]</description>
        <language>fr-fr</language>
    </exportedTopicLangDataList>
</exportedTopic>
