<?xml version="1.0" encoding="UTF-8" standalone="yes"?>
<exportedArticle xmlns="http://bindings.egain.com/ps/extension/migration/gen/kb">
    <id>3385</id>
    <egainArticlePath>\Content\Shared\Yoox\Payment\Payment methods\[001]Payment Methods</egainArticlePath>
    <macro>
        <name>3385</name>
        <description></description>
        <defaultArticle>0</defaultArticle>
        <defaultValue></defaultValue>
    </macro>
    <langDataList>
        <language>en-us</language>
        <versionDataList>
            <versionNumber>56435</versionNumber>
            <name>[001]Payment Methods</name>
            <description>Payment Methods</description>
            <articleType>General</articleType>
            <content>&lt;head&gt;&lt;META name=GENERATOR content="MSHTML 8.00.7601.19104"&gt;&lt;/head&gt;&lt;body&gt;&lt;P&gt;$SiteName$ accepts the following payment methods:&lt;/P&gt;&lt;P&gt;&lt;STRONG&gt;Credit Card&lt;/STRONG&gt;: Visa, MasterCard, [STORE YSL, SMC, AMQ, BAL, BRI, Y][AREA US]Discover,[/AREA] [/STORE]American Express[STORE ARM][AREA COM] (not available in Denmark and Sweden at the moment)[/AREA][/STORE], JCB[STORE REDV][AREA ROW] (not available for the United Arab Emirates)[/AREA][/STORE][STORE TROW][NOAREA US, CA], Visa Electron[/NOAREA][/STORE][NOSTORE SMC][AREA UK], Maestro enabled debit cards[/AREA][/NOSTORE]. &lt;BR&gt;The total will be charged to your card when the order is shipped. [NOSTORE FER, SMC, MON, YSL, ARM, ALAIA][AREA ROW, CHNO]Your card will be charged in Euros.[/AREA][/NOSTORE][AREA COM]Your card will be charged in Euros.[STORE FER, ARM]&lt;BR&gt;For Danish orders cards will be charged in DKK. For Swedish orders cards will be charged in SEK.[/STORE][/AREA][STORE FER, ARM][AREA ROW]Your card will be charged in Euros.[/AREA][AREA CHNO]For Norwegian orders cards will be charged in NOK. For Swiss orders cards will be charged in CHF.[/AREA][/STORE][STORE SMC, MON, YSL, MIS, AX, TROW, ALAIA][AREA ROW]Your card will be charged in Euros.[STORE TROW] For Mexican orders cards will be charged in USD.[/STORE][/AREA][AREA CHNO][NOSTORE TROW]For Norwegian orders cards will be charged in Euros. For Swiss orders cards will be charged in CHF.[/NOSTORE][/AREA][/STORE][AREA ROW_HK, HK]Your card will be charged in USD.[STORE IM]&lt;BR&gt;For Taiwan, China orders your card will be charged in HKD.[/STORE][/AREA][AREA AE]For United Arab Emirates orders cards will be charged in AED.&lt;BR&gt;For Saudi Arabia orders your card will be charged in SAR.[/AREA][STORE YSL, SMC, BAL, AMQ, ARM, Y3, MVS, FER, MCQ, MMM, BLM, ALAIA, MIS, TROW][AREA ROW_HK]&lt;BR&gt;For Hong Kong, SAR of China[STORE BAL, TROW] and Macau[/STORE] orders cards will be charged in HKD.[/AREA][/STORE][STORE AMQ, BAL, ARM, SMC, YSL, VAL, FER, MCQ, BLM, ALAIA, MIS, REDV, DUN, MIS][AREA ROW_HK][NOSTORE DUN, MIS]&amp;nbsp;For Australian orders cards will be charged in AUD.[/NOSTORE][STORE YSL, FER, MCQ, BAL, DUN, MIS] For Singaporean orders cards will be charged in SGD.[/STORE][STORE REDV, FER] For South Korean orders cards will be charged in ₩.[/STORE][/AREA][/STORE][STORE YSL, SMC, VAL, DUN, ALAIA, REDV][AREA ROW]&lt;BR&gt;For the&amp;nbsp;United Arab Emirates orders cards will be charged in AED.[/AREA][/STORE][STORE REDV, FER, BLM, ARM, MIS, TROW, SMC][AREA CA]For Canadian orders cards will be charged in CAD.[/AREA][/STORE][NOSTORE VAL]&lt;/P&gt;&lt;P&gt;$SiteName$ features a Fast Checkout option, allowing you to securely save your credit card details so that you don't have to re-enter them for future purchases.[/NOSTORE][NOAREA CHNO, CA, ROW, ROW_HK, AE, RU_EN]&lt;/P&gt;&lt;P&gt;&lt;STRONG&gt;PayPal&lt;/STRONG&gt;: Shop easily online without having to enter your credit card details on the website. &lt;BR&gt;Your account will be charged once the order is completed. To register for a PayPal account, visit the website paypal.com.&lt;BR&gt;[STORE BAL, BRI][AREA EEU]We are currently unable to offer the PayPal option to customers from Croatia.[/AREA][/STORE][/NOAREA][STORE Y, Y3, ARM, RC, D2, MIS, MMM, SI, SMC, IM, FER, MIS, BLM, ALAIA, REDV][AREA ROW_HK]&lt;/P&gt;&lt;P&gt;&lt;STRONG&gt;PayPal&lt;/STRONG&gt;: Shop easily online without having to enter your credit card details on the website. &lt;BR&gt;Your account will be charged once the order is completed. To register for a PayPal account, visit the website paypal.com.[AREA ROW_HK]&amp;nbsp; &lt;/P&gt;&lt;P&gt;The PayPal option is available only for customers from [NOSTORE Y, SMC, IM, FER, BLM, ALAIA, MMM, REDV]South Korea, [/NOSTORE]Australia[NOSTORE REDV], Hong Kong, SAR of China[STORE SI], India, Indonesia, Malaysia, Taiwan, China, Thailand[/STORE][/NOSTORE] and Singapore.[/AREA][/AREA][/STORE][STORE YSL, MVS, AMQ, BAL, MCQ, TROW][AREA ROW_HK]&lt;/P&gt;&lt;P&gt;&lt;STRONG&gt;PayPal&lt;/STRONG&gt;: Shop easily online without having to enter your credit card details on the website. &lt;BR&gt;Your account will be charged once the order is completed. To register for a PayPal account, visit the website paypal.com.[NOSTORE MVS] &lt;/P&gt;&lt;P&gt;The PayPal option is available only for customers from [NOSTORE AMQ, MCQ, TROW]Australia and Hong Kong, SAR of China[/NOSTORE][STORE AMQ]Australia, Hong Kong, SAR of China,&amp;nbsp;Malaysia, New Zealand, Singapore and Taiwan, China[/STORE][STORE MCQ]Australia, Hong Kong, SAR of China, Singapore, Taiwan, China, Indonesia and New Zealand[/STORE][STORE TROW]Australia, Hong Kong, SAR of China&amp;nbsp;and Singapore.[/STORE][/NOSTORE][/AREA][/STORE][STORE Y, SMC, YSL, BAL, AMQ, SI, MON][AREA CHNO, CA]&lt;/P&gt;&lt;P&gt;&lt;STRONG&gt;PayPal&lt;/STRONG&gt;: Shop easily online without having to enter your credit card details on the website. &lt;BR&gt;Your account will be charged once the order is completed. To register for a PayPal account, visit the website paypal.com.[/AREA][/STORE][STORE D2, MMM, MCQ, KL, MIS][AREA CA]&lt;/P&gt;&lt;P&gt;&lt;STRONG&gt;PayPal&lt;/STRONG&gt;: Shop easily online without having to enter your credit card details on the website. &lt;BR&gt;Your account will be charged once the order is completed. To register for a PayPal account, visit the website paypal.com.[/AREA][/STORE][STORE AMQ][AREA RU_EN]&lt;/P&gt;&lt;P&gt;&lt;STRONG&gt;PayPal&lt;/STRONG&gt;: Shop easily online without having to enter your credit card details on the website. &lt;BR&gt;Your account will be charged once the order is completed. To register for a PayPal account, visit the website paypal.com.&lt;/P&gt;&lt;P&gt;The PayPal option is available only for customers from Armenia, Azerbaijan, Kazakhstan, Kyrgyzstan and Turkmenistan.[/AREA][/STORE][STORE AX, MCQ, MIS][AREA CHNO]&lt;/P&gt;&lt;P&gt;&lt;STRONG&gt;PayPal&lt;/STRONG&gt;: Shop easily online without having to enter your credit card details on the website. &lt;BR&gt;Your account will be charged once the order is completed. To register for a PayPal account, visit the website paypal.com.[STORE MCQ]&lt;/P&gt;&lt;P&gt;The PayPal option is available only for customers from Switzerland.[/STORE][/AREA][/STORE][AREA ROW][STORE AMQ, SI, MIS]&lt;/P&gt;&lt;P&gt;&lt;STRONG&gt;PayPal&lt;/STRONG&gt;: Shop easily online without having to enter your credit card details on the website. &lt;BR&gt;Your account will be charged once the order is completed. To register for a PayPal account, visit the website paypal.com.&lt;/P&gt;&lt;P&gt;The PayPal option is available only for customers from [NOSTORE SI, MIS]Israel, Mexico and the United Arab Emirates[/NOSTORE][STORE SI]New Zealand and Turkey[/STORE][STORE MIS]Bahrain, Kuwait, Qatar, Saudi Arabia and United Arab Emirates[/STORE].[/STORE][/AREA][AREA UK, COM, FR_EN, DE_EN, ES_EN, IT, DE, FR, JP][NOSTORE POM, DODO]&lt;BR&gt;&lt;STRONG&gt;Cash on Delivery&lt;/STRONG&gt;[AREA UK]&amp;nbsp;(not available at the moment)[/AREA][AREA COM][NOSTORE Y, MON] (at the moment not available for Belgium)[/NOSTORE][STORE MON] (at the moment not available for Ireland and the Netherlands)[/STORE][/AREA]: [STORE Y][AREA UK]This payment method is available for amounts lower than £ 400. [/AREA][/STORE]At time of delivery, you must have the exact order total indicated in the shipping confirmation email in cash. The courier cannot provide change and does not accept cheques. For eventual refunds, you must indicate a bank or postal account. This payment method has an additional cost of $COD$[STORE Y][AREA COM]&amp;nbsp;and it is available only to registered users[/AREA][/STORE].[AREA COM][NOSTORE AX]&lt;/P&gt;&lt;P&gt;We are currently unable to offer the Cash on Delivery option to customers from[STORE Y] Belgium, Ireland,[/STORE]&amp;nbsp;Malta, Cyprus, Denmark and Sweden.[/NOSTORE][/AREA][/NOSTORE][/AREA][AREA AE][STORE Y]&lt;/P&gt;&lt;P&gt;Only for Saudi Arabia and United Arab Emirates:&lt;BR&gt;&amp;nbsp;&lt;BR&gt;&lt;STRONG&gt;Cash on Delivery&lt;/STRONG&gt;: At time of delivery, you must have the exact order total in cash in your local currency indicated in the shipping confirmation email. The courier cannot provide change and does not accept cheques. For eventual refunds, you must indicate a bank or postal account. This payment method has an additional cost of respectively 25 SAR and 25 AED and it is available only to registered users.&lt;BR&gt;&amp;nbsp;&lt;BR&gt;Please note that this payment method might not be available in your city. If this is the case, it will not be possible to select at checkout.[/STORE][/AREA][STORE Y][AREA US, COM, UK]&lt;/P&gt;&lt;P&gt;&lt;STRONG&gt;Moneyoox&lt;/STRONG&gt;: if you have Moneyoox and you make an order while logged in, this payment method will be used automatically. You can pay any eventual balance with a payment method of your choice: Credit Card[NOAREA US], Cash on Delivery[/NOAREA] or PayPal.[AREA COM]&lt;BR&gt;We are currently unable to offer the Moneyoox option to customers from Denmark, Sweden, Malta, and Cyprus.[/AREA]&lt;BR&gt;Discover more about [ARTICLE 2057]Moneyoox[/ARTICLE].[/AREA][/STORE]&lt;BR&gt;[STORE Y, SMC, DUN, SI, YSL, CHLOE, BRI, AMQ, BAL, MVS, KL, RC, IM, FER, MIS, BLM, AX, ALAIA, MON, TROW][AREA COM]&lt;/P&gt;&lt;P&gt;&lt;STRONG&gt;SOFORT Banking&lt;/STRONG&gt;: With TÜV-certified SOFORT Banking you can purchase your favorite styles transferring the money in real-time directly from your bank account. No credit card nor registration needed. &lt;BR&gt;While you check out, select SOFORT Banking as your payment option: wait until you are redirected to a secure page and sign into your online banking account with your usual credentials requested to authorize the transaction. You will be redirected back to $SiteName$ and receive an instant order confirmation email.&lt;BR&gt;&amp;nbsp;&lt;BR&gt;Please note that this payment method is available only for Belgian[NOSTORE AX] and Dutch[/NOSTORE] customers[STORE Y] and cannot be selected if you have available Moneyoox in your $AccountName$[/STORE].[/AREA][/STORE]&lt;BR&gt;[AREA DE_EN]&lt;/P&gt;&lt;P&gt;&lt;STRONG&gt;SOFORT Banking&lt;/STRONG&gt;: With TÜV-certified SOFORT Banking you can purchase your favorite styles transferring the money in real-time directly from your bank account. No credit card nor registration needed. &lt;BR&gt;While you check out, select SOFORT Banking as your payment option: wait until you are redirected to a secure page and sign into your online banking account with your usual credentials requested to authorize the transaction. You will be redirected back to $SiteName$ and receive an instant order confirmation email.[/AREA]&lt;BR&gt;&lt;/P&gt;&lt;/body&gt;</content>
			<availabilityDate>2021-04-29 13:09:40</availabilityDate>
            <attachmentList>
                <id>200100000001033</id>
                <fileName>DIM Portfolio name change.xlsx</fileName>
                <type>internal</type>
                <filePath>Department_999_Customer Care\Folders_And_Articles\internal_attachments\200100000001033_DIM_Order_Receipt.xlsx</filePath>
            </attachmentList>
            <availabilityDate>2021-04-29 13:09:40</availabilityDate>
            <createdDate>2021-04-20 13:09:40</createdDate>
            <lastModifiedDate>2021-04-20 13:09:40</lastModifiedDate>
            <createdBy>npepe</createdBy>
            <lastModifiedBy>npepe</lastModifiedBy>
            <linkedAliases>5434D922-7A41-43D0-A47C-02A03F6269C5</linkedAliases>
            <containsLinks>true</containsLinks>
        </versionDataList>
    </langDataList>
    <langDataList>
        <language>ja-jp</language>
        <versionDataList>
            <versionNumber>56428</versionNumber>
            <name>[001]お支払い方法</name>
            <description>Payment Methods</description>
            <articleType>General</articleType>
            <content>&lt;head&gt;&lt;META name=GENERATOR content="MSHTML 8.00.7601.19104"&gt;&lt;/head&gt;&lt;body&gt;&lt;P&gt;&lt;STRONG&gt;クレジットカードでの支払い:&lt;BR&gt;&lt;/STRONG&gt;当オンラインストアではVisa、Visa Electron、MasterCard、American Express、JCBカードがご使用いただけます。 クレジットカードは、一括払いのみご利用いただけます。分割払いをご希望の場合には、クレジットカード会社に直接お問い合わせください。 海外発行のクレジットカードもご使用いただけます。[NOSTORE VAL] &lt;BR&gt;クイックオーダー: クレジットカードの情報を $AccountName$ に保存すると、ワンクリックで簡単にオーダーの手続きを完了することができます。 &lt;BR&gt;[/NOSTORE]クレジットカードへのご請求は、ご注文商品の発送の時点で行われます。（ご注文完了の時点では、お客様のクレジットカードへの決済承認のみが行われます。） クレジットカードへの決済は、ご注文商品の発送日に実行されます。 &lt;BR&gt;[NOSTORE DOSJP]クレジットカードの決済は日本円にて行われます。[/NOSTORE][NOSTORE POM, DODO]&lt;BR&gt;&lt;BR&gt;&lt;STRONG&gt;代金引換:&lt;BR&gt;&lt;/STRONG&gt;代金引換でご注文の場合は、商品のお届けの際に配送会社に直接代金をお支払いください。配送業者はつり銭のご用意がない場合がございます。現金でお支払いの際にはつり銭が必要ないようにお支払い金額のご用意をお願いいたします。 &lt;BR&gt;代金引換手数料として$COD$円を申し受けます。&lt;BR&gt;また、現金のほか、クレジットカード、デビットカード、電子マネーでもお支払いが可能です。その場合はカードの名義人ご本人様によるお受け取りとお支払いが必要です。&lt;BR&gt;クレジットカードでのお支払いは、ご一括、分割払いを商品お受け取り時にお選びいただけます。詳細はクレジットカード会社にご確認ください。&lt;BR&gt;電子マネーでの決済の上限金額は、電子マネーのブランドごとに設定が異なります。電子マネーのご利用分で合計金額に満たない場合は、不足金額は現金でのお支払いをお願いいたします。[/NOSTORE][STORE Y]&lt;BR&gt;&lt;BR&gt;&lt;STRONG&gt;Moneyooxによる支払い:&lt;BR&gt;&lt;/STRONG&gt;$SiteName$のストアクレジット「Moneyoox」でのお支払いをご希望の場合は、 $AccountName$にログインしていただく必要がございます。 &lt;BR&gt;ログインされていますと、ご注文手続きの際にMoneyooxでのお支払いが、自動的に有効になります。&lt;BR&gt;オーダー金額に対してMoneyooxの金額が十分でない場合も、差額分はクレジットカード、あるいは代金引換でお支払いいただけます。&lt;BR&gt;[ARTICLE 2057]Moneyooxの詳細はこちら[/ARTICLE]。&lt;BR&gt;決済は、オーダーが完了した時点で実行されます。[/STORE][STORE SMC, YSL, LAN, BRI, BAL, MVS, REDV, VAL, KL, ARM, AX, FER, MIS, BLM, ALAIA, MON, SI]&lt;BR&gt;&lt;BR&gt;&lt;STRONG&gt;銀行振込:&lt;/STRONG&gt;&lt;BR&gt;銀行振込でのお支払いをお選びいただくと、ご注文手続き完了時に振込先口座番号などの情報をご案内いたします。&lt;BR&gt;振込先口座番号は、ご注文確認のEメールでもご確認いただけます。&lt;BR&gt;振込先口座番号は、各ご注文ごと割り振られるため、都度異なりますので、ご注意ください。&lt;BR&gt;ご注文いただいた日から7日以内に、振込先口座にご入金をお願いいたします。7日以内にご入金が確認できない場合には、ご注文をキャンセルさせていただきます。&lt;BR&gt;ご入金の確認には3～4営業日お時間をいただきます。ご入金確認後の発送となりますため、ご指定いただいた日時にお届けできない場合がございます。あらかじめご了承ください。また、商品お届けのまでの期間は、ご注文完了時ではなく、ご入金確認時から起算させていただきます。&lt;BR&gt;お振込手数料はお客様のご負担となります。&lt;BR&gt;ご返品を希望された場合、銀行振込でのご返金となります。ご返金先の口座情報は、返品手続きの際、あらためて&lt;BR&gt;お伺いいたします。[/STORE][STORE SI, KL, MIS, MON]&lt;BR&gt;&lt;BR&gt;&lt;STRONG&gt;ペイパル：&lt;BR&gt;&lt;/STRONG&gt;クレジットカードの情報を入力することなく、快適なオンラインショッピングをお楽しみいただけます。&lt;BR&gt;引き落としはご注文の完了時点で行われます。ペイパルの新しいアカウントを登録するには、paypal.comのサイトをご覧ください。[/STORE]&lt;/P&gt;&lt;/body&gt;</content>
			<availabilityDate>2021-04-29 13:09:40</availabilityDate>
            <attachmentList>
                <id>200100000001033</id>
                <fileName>DIM Portfolio name change.xlsx</fileName>
                <type>internal</type>
                <filePath>Department_999_Customer Care\Folders_And_Articles\internal_attachments\200100000001033_DIM_Order_Receipt.xlsx</filePath>
            </attachmentList>
            <createdDate>2021-04-15 09:01:49</createdDate>
            <lastModifiedDate>2021-04-15 09:01:49</lastModifiedDate>
            <createdBy>npepe</createdBy>
            <lastModifiedBy>npepe</lastModifiedBy>
            <linkedAliases>5434D922-7A41-43D0-A47C-02A03F6269C5</linkedAliases>
            <containsLinks>true</containsLinks>
        </versionDataList>
    </langDataList>
    <langDataList>
        <language>ko-kr</language>
        <versionDataList>
            <versionNumber>54174</versionNumber>
            <name>[001]결제 방법</name>
            <description>Payment Methods</description>
            <articleType>General</articleType>
            <content>&lt;head&gt;&lt;META name=GENERATOR content="MSHTML 8.00.7601.19104"&gt;&lt;/head&gt;&lt;body&gt;$SiteName$에서는 다음 결제 방법이 가능합니다. &lt;P&gt;&lt;/P&gt;&lt;STRONG&gt;신용카드:&lt;/STRONG&gt; Visa, Visa Electron, MasterCard, American Express, JCB 카드로 결제하실 수 있습니다. 총액은 주문이 발송되었을 때 고객님의 카드로 청구됩니다. [NOSTORE RC, VAL, Y3, AX]$SiteName$의 빠른 결제 옵션을 활용하세요. 고객님의 신용카드 정보를 저장하여 다음번 구매 시 정보를 다시 입력할 필요가 없어 더욱 신속하게 주문을 완료할 수 있습니다. [/NOSTORE]&lt;BR&gt;&lt;BR&gt;[STORE DUN, Y]&lt;STRONG&gt;PayPal:&lt;/STRONG&gt; 웹사이트에 신용카드 정보를 입력할 필요 없이 편리하게 온라인 쇼핑을 즐겨보세요. &lt;BR&gt;주문이 완료되는 즉시 고객님의 계정으로 대금이 청구됩니다. PayPal 계정에 등록하시려면, &lt;A href="http://www.paypal.com/" target=_new&gt;paypal.com&lt;/A&gt;을 방문하십시오.[/STORE]&lt;/body&gt;</content>
            <availabilityDate>2021-04-29 13:09:40</availabilityDate>
            <attachmentList>
                <id>200100000001033</id>
                <fileName>DIM Portfolio name change.xlsx</fileName>
                <type>internal</type>
                <filePath>Department_999_Customer Care\Folders_And_Articles\internal_attachments\200100000001033_DIM_Order_Receipt.xlsx</filePath>
            </attachmentList>
			<createdDate>2020-04-28 13:52:48</createdDate>
            <lastModifiedDate>2020-04-28 13:52:48</lastModifiedDate>
            <createdBy>npepe</createdBy>
            <lastModifiedBy>npepe</lastModifiedBy>
            <linkedAliases>5434D922-7A41-43D0-A47C-02A03F6269C5</linkedAliases>
            <containsLinks>true</containsLinks>
        </versionDataList>
    </langDataList>
    <langDataList>
        <language>ru-ru</language>
        <versionDataList>
            <versionNumber>54175</versionNumber>
            <name>[001]Методы оплаты</name>
            <description>Payment Methods</description>
            <articleType>General</articleType>
            <content>&lt;head&gt;&lt;META name=GENERATOR content="MSHTML 8.00.7601.19104"&gt;&lt;/head&gt;&lt;body&gt;Сайт $SiteName$ принимает следующие методы оплаты: &lt;P&gt;&lt;/P&gt;&lt;P&gt;&lt;STRONG&gt;кредитные карты&lt;/STRONG&gt; Visa, MasterCard, American Express[NOSTORE Y, AMQ, MON, ARM, AX]&amp;nbsp;и JCB[/NOSTORE][NOSTORE AX]; Visa Electron[/NOSTORE]; предоплаченные кредитные карты. &lt;BR&gt;Фактическое списание денежных средств с Вашей карты происходит в день отправления заказа. [NOSTORE PU, VAL]Сайт $SiteName$ предлагает возможность быстрой покупки, позволяя Вам сохранить данные Вашей кредитной карты, чтобы использовать их в дальнейшем при совершении покупок. [/NOSTORE] [STORE Y, D2, MIS, KL]&lt;/P&gt;&lt;P&gt;&lt;STRONG&gt;PayPal:&lt;/STRONG&gt; Вы сможете легко делать покупки онлайн, не указывая данные Вашей кредитной карты на сайте. Сумма заказа будет списана с Вашего счета после завершения оформления заказа. Для того, чтобы зарегистрироваться в системе PayPal, посетите сайт &lt;A href="http://www.paypal.com/" target=_new&gt;paypal.com&lt;/A&gt;.[NOSTORE D2, MIS, KL]&lt;BR&gt;Сервис PayPal не доступен для пользователей, проживающих в следующих странах: Грузия, Белоруссия, Таджикистан и Узбекистан.&lt;?xml:namespace prefix = o /&gt;&lt;o:p&gt;[/NOSTORE][STORE MIS]&lt;BR&gt;Сервис PayPal доступен пользователям из Российской Федерации.[/STORE][/STORE][STORE AMQ, SI]&lt;BR&gt;&lt;BR&gt;&lt;STRONG&gt;PayPal:&lt;/STRONG&gt; Вы сможете легко делать покупки онлайн, не указывая данные Вашей кредитной карты на сайте. Сумма заказа будет списана с Вашего счета после завершения оформления заказа. Для того, чтобы зарегистрироваться в системе PayPal, посетите сайт &lt;A href="http://www.paypal.com/" target=_new&gt;paypal.com&lt;/A&gt;.[NOSTORE SI]&lt;BR&gt;Сервис PayPal доступен пользователям из Украины.[/NOSTORE][/STORE]&lt;/o:p&gt;&lt;/P&gt;&lt;/body&gt;</content>
            <availabilityDate>2021-04-29 13:09:40</availabilityDate>
            <attachmentList>
                <id>200100000001033</id>
                <fileName>DIM Portfolio name change.xlsx</fileName>
                <type>internal</type>
                <filePath>Department_999_Customer Care\Folders_And_Articles\internal_attachments\200100000001033_DIM_Order_Receipt.xlsx</filePath>
            </attachmentList>
			<createdDate>2020-04-28 13:53:39</createdDate>
            <lastModifiedDate>2020-04-28 13:53:39</lastModifiedDate>
            <createdBy>npepe</createdBy>
            <lastModifiedBy>npepe</lastModifiedBy>
            <linkedAliases>5434D922-7A41-43D0-A47C-02A03F6269C5</linkedAliases>
            <containsLinks>true</containsLinks>
        </versionDataList>
    </langDataList>
    <langDataList>
        <language>de-de</language>
        <versionDataList>
            <versionNumber>56433</versionNumber>
            <name>[001]Zahlungsarten</name>
            <description>Payment Methods</description>
            <articleType>General</articleType>
            <content>&lt;head&gt;&lt;META name=GENERATOR content="MSHTML 8.00.7601.19104"&gt;&lt;/head&gt;&lt;body&gt;$SiteName$ akzeptiert die folgenden Zahlungsarten: &lt;P&gt;&lt;/P&gt;&lt;P&gt;&lt;STRONG&gt;Kreditkarten:&lt;/STRONG&gt; Visa, MasterCard, American Express und JCB; Visa Electron; Prepaid-Kreditkarten. &lt;BR&gt;Ihre Karte wird mit dem Gesamtbetrag belastet, sobald die Bestellung versandt wird. [NOSTORE VAL]$SiteName$ bietet außerdem die Option Schneller Einkauf an. Hier können Sie Ihre Kreditkarteninformationen speichern, sodass Sie diese bei zukünftigen Einkäufen nicht erneut eingeben müssen. [/NOSTORE]&lt;BR&gt;&lt;BR&gt;&lt;STRONG&gt;PayPal:&lt;/STRONG&gt; Mit PayPal können Sie unkompliziert und schnell einkaufen, ohne dass Sie Ihre Kreditkarteninformationen auf der Webseite angeben müssen. &lt;BR&gt;Ihr Konto wird belastet, wenn die Bestellung abgeschlossen ist. Wenn Sie kein PayPal-Konto haben und eines erstellen möchten, besuchen Sie die Webseite &lt;A href="http://www.paypal.com/" target=_new&gt;paypal.com&lt;/A&gt;.[NOSTORE POM, DODO]&lt;/P&gt;&lt;P&gt;&lt;STRONG&gt;Zahlung per Nachnahme:&lt;/STRONG&gt; Diese Option ist bei Einkäufen möglich, deren Gesamtbetrag&amp;nbsp;3.500 € nicht übersteigt. &lt;BR&gt;Bitte halten Sie bei der Lieferung genau den Betrag, der in der Versandbestätigungsmail genannt wird, in bar bereit. Der Kurierdienst kann Ihnen bei der Abholung kein Wechselgeld herausgeben und auch keine Checks annehmen. Bitte geben Sie zudem für eine eventuelle Rückgabe ein Bank- oder Postkonto an. Bei dieser Zahlungsart fällt ein zusätzlicher Aufpreis von $COD$ an[STORE Y] und sie ist nur für registrierte Benutzer verfügbar[/STORE].[/NOSTORE][STORE Y]&lt;/P&gt;&lt;P&gt;&lt;STRONG&gt;Moneyoox:&lt;/STRONG&gt; Wenn Sie die Option Moneyoox aktiviert haben und bei Ihrem Einkauf eingeloggt sind, wird diese Zahlungsmethode automatisch ausgewählt. Einen eventuellen Differenzbetrag können Sie mit der Zahlungsart Ihrer Wahl begleichen: Kreditkarte, PayPal oder Zahlung per Nachnahme. Hier erfahren Sie mehr über [ARTICLE 2057]Moneyoox[/ARTICLE].[/STORE][STORE Y, DUN, SI, CHLOE, MVS, KL, IM, FER, MIS, BLM, AX, MON, ALAIA]&lt;/P&gt;&lt;P&gt;&lt;STRONG&gt;SOFORT Überweisung:&lt;/STRONG&gt; Mit dem TÜV-zertifizierten Zahlungsdienst in Echtzeit und per Online-Banking bezahlen. Ganz ohne Kreditkarte oder Registrierung.&lt;/P&gt;&lt;P&gt;Wählen Sie im Warenkorb SOFORT Überweisung als Zahlungsart aus: Sie werden zu einer geschützten Seite weitergeleitet, wo Sie Ihre gewohnten Online-Banking-Zugangsdaten eingeben können. Überprüfen Sie anschließend die Überweisung auf Ihre Richtigkeit und bestätigen Sie diese durch Eingabe Ihrer TAN. Nach erfolgreicher Durchführung erhalten Sie eine Bestätigung per E-Mail mit Ihrer Bestellnummer und gelangen dann zurück zu $SiteName$. &lt;/P&gt;&lt;P&gt;[STORE Y]Bitte beachten Sie, dass es nicht möglich ist, die Zahlung mit SOFORT Überweisung abzuwickeln, wenn Ihnen in Ihrem $AccountName$ noch&amp;nbsp;Moneyoox zur Verfügung stehen. [/STORE][/STORE]&lt;/P&gt;&lt;/body&gt;</content>
            <availabilityDate>2021-04-29 13:09:40</availabilityDate>
            <attachmentList>
                <id>200100000001033</id>
                <fileName>DIM Portfolio name change.xlsx</fileName>
                <type>internal</type>
                <filePath>Department_999_Customer Care\Folders_And_Articles\internal_attachments\200100000001033_DIM_Order_Receipt.xlsx</filePath>
            </attachmentList>
			<createdDate>2021-04-15 12:28:55</createdDate>
            <lastModifiedDate>2021-04-15 12:28:55</lastModifiedDate>
            <createdBy>npepe</createdBy>
            <lastModifiedBy>npepe</lastModifiedBy>
            <linkedAliases>5434D922-7A41-43D0-A47C-02A03F6269C5</linkedAliases>
            <containsLinks>true</containsLinks>
        </versionDataList>
    </langDataList>
    <langDataList>
        <language>it-it</language>
        <versionDataList>
            <versionNumber>56424</versionNumber>
            <name>[001]Metodi di Pagamento</name>
            <description>Payment Methods</description>
            <articleType>General</articleType>
            <content>&lt;head&gt;&lt;META name=GENERATOR content="MSHTML 8.00.7601.19104"&gt;&lt;/head&gt;&lt;body&gt;$SiteName$ accetta i seguenti metodi di pagamento: &lt;P&gt;&lt;/P&gt;&lt;P&gt;&lt;STRONG&gt;Carta di Credito:&amp;nbsp;&lt;/STRONG&gt;Visa, MasterCard, American Express e JCB, Visa Electron, carte di credito ricaricabili, bancomat Maestro abilitati. &lt;BR&gt;L'importo verrà addebitato sulla carta al momento della spedizione. [NOSTORE VAL]&lt;BR&gt;Su $SiteName$ è attivo il servizio Acquisto Veloce che consente di salvare i dati della carta di credito per non doverli più inserire durante i prossimi acquisti. [/NOSTORE]&lt;BR&gt;&lt;BR&gt;&lt;STRONG&gt;PayPal:&lt;/STRONG&gt; per acquistare online comodamente, senza bisogno di digitare sul sito i dati della carta di credito. &lt;BR&gt;L'addebito sul conto avviene al completamento dell'ordine. Per registrare un nuovo conto PayPal, [NOSTORE BV]visita[/NOSTORE][STORE BV]visiti[/STORE] il sito &lt;A href="http://www.paypal.com/" target=_new&gt;paypal.com&lt;/A&gt;.[NOSTORE POM, DODO]&lt;BR&gt;&lt;BR&gt;&lt;STRONG&gt;Contanti alla consegna:&lt;/STRONG&gt; metodo disponibile per importi inferiori a 2.000€. &amp;nbsp;&lt;BR&gt;Al momento della consegna sarà necessario avere a disposizione in contanti l'importo esatto dell'ordine indicato nell'email di conferma della spedizione; il corriere non può dare resto e non accetta assegni. Per l'eventuale rimborso si dovrà indicare un conto corrente bancario o postale.&amp;nbsp;&lt;BR&gt;Questo metodo di pagamento ha un costo aggiuntivo di $COD$[STORE Y] ed è disponibile solo per gli utenti registrati[/STORE].[/NOSTORE][STORE Y]&lt;BR&gt;&lt;BR&gt;&lt;STRONG&gt;Moneyoox:&lt;/STRONG&gt; se hai Moneyoox disponibili ed effettui un ordine da utente loggato, questo metodo di pagamento sarà automatico. Potrai saldare l'eventuale importo rimanente con la modalità di pagamento che preferisci: Carta di Credito, PayPal o Contanti alla consegna. Scopri tutto sul [ARTICLE 2057]servizio Moneyoox[/ARTICLE].[/STORE]&lt;/P&gt;&lt;/body&gt;</content>
			<availabilityDate>2021-04-29 13:09:40</availabilityDate>
            <attachmentList>
                <id>200100000001033</id>
                <fileName>DIM Portfolio name change.xlsx</fileName>
                <type>internal</type>
                <filePath>Department_999_Customer Care\Folders_And_Articles\internal_attachments\200100000001033_DIM_Order_Receipt.xlsx</filePath>
            </attachmentList>
            <createdDate>2021-04-15 08:43:21</createdDate>
            <lastModifiedDate>2021-04-15 08:43:21</lastModifiedDate>
            <createdBy>npepe</createdBy>
            <lastModifiedBy>npepe</lastModifiedBy>
            <linkedAliases>5434D922-7A41-43D0-A47C-02A03F6269C5</linkedAliases>
            <containsLinks>true</containsLinks>
        </versionDataList>
    </langDataList>
    <langDataList>
        <language>es-es</language>
        <versionDataList>
            <versionNumber>56431</versionNumber>
            <name>[001]Formas de pago</name>
            <description>Payment Methods</description>
            <articleType>General</articleType>
            <content>&lt;head&gt;&lt;META name=GENERATOR content="MSHTML 8.00.7601.19104"&gt;&lt;/head&gt;&lt;body&gt;$SiteName$ acepta las siguientes formas de pago: &lt;P&gt;&lt;/P&gt;&lt;P&gt;&lt;STRONG&gt;Tarjeta de crédito&lt;/STRONG&gt;: Visa, MasterCard, American Express,&amp;nbsp;JCB,&amp;nbsp;Visa Electron[NOAREA ROW_ES] y tarjetas de crédito prepagadas[/NOAREA]. El importe total se cargará en tu tarjeta una vez que se haya enviado el pedido. [AREA ROW_ES]El cargo se realizará en euros.[/AREA][NOSTORE VAL]&lt;BR&gt;$SiteName$ presenta una opción de Compra Rápida que te permite guardar los datos de tu tarjeta de crédito para que no tengas que volver a introducirlos en tus futuras compras. [/NOSTORE] &lt;/P&gt;&lt;P&gt;&lt;STRONG&gt;PayPal&lt;/STRONG&gt;: compra online de forma sencilla sin tener que facilitar los datos de tu tarjeta de crédito a la página web. Se cargará el importe en tu cuenta una vez completado el pedido. Para registrar una nueva cuenta en PayPal, visita la página web &lt;A href="http://www.paypal.com/" target=_new&gt;paypal.com&lt;/A&gt;.&lt;/P&gt;&lt;P&gt;&lt;/P&gt;&lt;P&gt;[NOAREA ROW_ES][NOSTORE POM, DODO]&lt;STRONG&gt;Contrarreembolso&lt;/STRONG&gt;: esta forma de pago está disponible para pedidos de menos de € 2460. A la hora de la entrega, debes disponer en metálico del importe total exacto del pedido indicado en el correo electrónico de confirmación; el mensajero no lleva cambio ni acepta cheques. Para una eventual devolución, debes indicar un número de cuenta bancaria o postal. Este método de pago tiene un coste adicional de $COD$[STORE Y] y está disponible solo para los usuarios registrados[/STORE].[/NOSTORE][/NOAREA] &lt;/P&gt;&lt;P&gt;[STORE Y]&lt;STRONG&gt;Moneyoox&lt;/STRONG&gt;: si dispones de Moneyoox y realizas un pedido una vez que hayas iniciado sesión, esta forma de pago será la empleada automáticamente. Puedes pagar cualquier saldo pendiente con cualquier forma de pago de tu elección: tarjeta de crédito, PayPal o contrarrembolso. Descubre más sobre [ARTICLE 2057]Moneyoox[/ARTICLE].[/STORE]&lt;/P&gt;&lt;/body&gt;</content>
			<availabilityDate>2021-04-29 13:09:40</availabilityDate>
            <attachmentList>
                <id>200100000001033</id>
                <fileName>DIM Portfolio name change.xlsx</fileName>
                <type>internal</type>
                <filePath>Department_999_Customer Care\Folders_And_Articles\internal_attachments\200100000001033_DIM_Order_Receipt.xlsx</filePath>
            </attachmentList>
            <createdDate>2021-04-15 09:10:54</createdDate>
            <lastModifiedDate>2021-04-15 09:10:54</lastModifiedDate>
            <createdBy>npepe</createdBy>
            <lastModifiedBy>npepe</lastModifiedBy>
            <linkedAliases>5434D922-7A41-43D0-A47C-02A03F6269C5</linkedAliases>
            <containsLinks>true</containsLinks>
        </versionDataList>
    </langDataList>
    <langDataList>
        <language>zh-cn</language>
        <versionDataList>
            <versionNumber>48029</versionNumber>
            <name>[001]付款方式</name>
            <description>Payment Methods</description>
            <articleType>General</articleType>
            <content>&lt;head&gt;&lt;META name=GENERATOR content="MSHTML 8.00.7601.24000"&gt;&lt;/head&gt;&lt;body&gt;&lt;P&gt;[NOSTORE SI, IMCN]&lt;STRONG&gt;使用网银支付及信用卡支付: &lt;BR&gt;&lt;/STRONG&gt;如果您选择使用银行卡付款，您将进入 首信易 网站进行并完成支付。或者，您可以登陆我的账号，点击即刻付款按钮继续完成支付，您可以在[NOSTORE YCN]24小时[/NOSTORE][STORE YCN]90分钟[/STORE]内完成付款；如果您未在[NOSTORE YCN]24小时[/NOSTORE][STORE YCN]90分钟[/STORE]内付款，您的订单将被自动取消。 &lt;/P&gt;&lt;P&gt;&lt;STRONG&gt;货到付款: &lt;BR&gt;&lt;/STRONG&gt;货到付款服务。您可以选择现金支付或POS机支付。总金额高于10000元的订单，快递公司只接受POS机支付方式。对于较偏远的地区，很遗憾，我们暂时不能提供货到付款服务。关于退货，您需要同时提供您的银行账户信息，以便于退回相关货款。 &lt;/P&gt;&lt;P&gt;&lt;STRONG&gt;使用首信易付款: &lt;BR&gt;&lt;/STRONG&gt;当您确认订单后，您的页面将自动转换到 首信易登录页面，以便于您完成付款。如果您没有首信易账户，请先在首信易登录页注册，再付款。 &lt;/P&gt;&lt;P&gt;&lt;STRONG&gt;支付宝:&lt;BR&gt;&lt;/STRONG&gt;如果您选择使用支付宝付款，您将直接进入 支付宝 的网站进行支付。您只需登录并完成支付。或者，你可以登陆我的账号，点击即刻付款按钮继续完成支付，您可以在[NOSTORE YCN]24小时[/NOSTORE][STORE YCN]90分钟[/STORE]内完成付款；如果您未在[NOSTORE YCN]24小时[/NOSTORE][STORE YCN]90分钟[/STORE]内付款，您的订单将被自动取消。[/NOSTORE][STORE SI, IMCN]$SiteName$ 接受以下付款方式：&lt;BR&gt;&lt;BR&gt;&lt;STRONG&gt;信用卡：&lt;/STRONG&gt;Visa、MasterCard、American Express、JCB、Visa Electron。 &lt;BR&gt;货款将在发货后从您的账户中被扣除。[STORE SI]您的信用卡将以欧元进行结算。[/STORE][STORE IMCN]您的信用卡将以美元进行结算。[/STORE]&amp;nbsp;&lt;BR&gt;&lt;BR&gt;$SiteName$ 提供“快速结账”服务，可安全保存信用卡信息，免去下次消费时重新输入信息的繁琐流程。[/STORE]&lt;/P&gt;&lt;/body&gt;</content>
			<availabilityDate>2021-04-29 13:09:40</availabilityDate>
            <attachmentList>
                <id>200100000001033</id>
                <fileName>DIM Portfolio name change.xlsx</fileName>
                <type>internal</type>
                <filePath>Department_999_Customer Care\Folders_And_Articles\internal_attachments\200100000001033_DIM_Order_Receipt.xlsx</filePath>
            </attachmentList>
            <createdDate>2018-11-12 08:28:45</createdDate>
            <lastModifiedDate>2018-11-12 08:28:45</lastModifiedDate>
            <createdBy>npepe</createdBy>
            <lastModifiedBy>npepe</lastModifiedBy>
            <linkedAliases>5434D922-7A41-43D0-A47C-02A03F6269C5</linkedAliases>
            <containsLinks>true</containsLinks>
        </versionDataList>
    </langDataList>
    <langDataList>
        <language>el-gr</language>
        <versionDataList>
            <versionNumber>54183</versionNumber>
            <name>[001]Τρόποι πληρωμής</name>
            <description>Payment Methods</description>
            <articleType>General</articleType>
            <content>&lt;head&gt;&lt;META name=GENERATOR content="MSHTML 8.00.7601.19104"&gt;&lt;/head&gt;&lt;body&gt;Το $SiteName$ δέχεται τους ακόλουθους τρόπους πληρωμής: &lt;P&gt;&lt;/P&gt;&lt;P&gt;Πιστωτική κάρτα: Visa, MasterCard, American Express και JCB; Visa Electron, προπληρωμένες πιστωτικές κάρτες. Το σύνολο θα χρεωθεί στην κάρτα σου όταν αποσταλεί η παραγγελία σου. Το $SiteName$ διαθέτει την επιλογή Γρήγορες αγορές, που σου επιτρέπει να αποθηκεύσεις τα στοιχεία της πιστωτικής σου κάρτας έτσι ώστε να μη χρειάζεται να τα καταχωρείς ξανά στις επόμενες αγορές σου.&lt;/P&gt;&lt;P&gt;&lt;STRONG&gt;PayPal:&lt;/STRONG&gt; κάνε εύκολα τις αγορές σου online χωρίς να χρειάζεται να καταχωρίσεις τα στοιχεία της κάρτας σου στον ιστότοπό μας. Ο λογαριασμός σου θα χρεωθεί μόλις ολοκληρωθεί η παραγγελία σου. Για να αποκτήσεις έναν νέο λογαριασμό PayPal, επισκέψου τον ιστότοπο &lt;A href="http://www.paypal.com/" target=_new&gt;paypal.com&lt;/A&gt;.&lt;/P&gt;&lt;P&gt;&lt;STRONG&gt;Αντικαταβολή:&lt;/STRONG&gt; αυτός ο τρόπος πληρωμής είναι διαθέσιμος για αγορές που δεν ξεπερνούν τα € 500. Κατά τη στιγμή της παράδοσης, πρέπει να έχεις σε μετρητά το ακριβές συνολικό ποσό που αναγράφεται στο e-mail που έλαβες με την επιβεβαίωση της αποστολής της παραγγελίας σου. Ο ταχυμεταφορέας courier δεν μπορεί να δώσει ρέστα και δεν δέχεται επιταγές. Για τυχόν επιστροφές χρημάτων, πρέπει να μας υποδείξεις έναν τραπεζικό λογαριασμό ή έναν λογαριασμό ταχυδρομικού ταμιευτηρίου. Αυτός ο τρόπος πληρωμής έχει μια επιπλέον χρέωση $COD$.&lt;/P&gt;&lt;P&gt;Moneyoox: εάν έχεις Moneyoox και κάνεις μια παραγγελία ενώ είσαι συνδεδεμένος στον ιστότοπό μας, αυτός ο τρόπος πληρωμής θα χρησιμοποιηθεί αυτόματα. Μπορείς να πληρώσεις την τυχόν διαφορά με τον τρόπο πληρωμής που προτιμάς: με Πιστωτική κάρτα, PayPal ή με Αντικαταβολή. Ανακάλυψε περισσότερα για το [ARTICLE 2057]Moneyoox[/ARTICLE].&lt;/P&gt;&lt;/body&gt;</content>
			<availabilityDate>2021-04-29 13:09:40</availabilityDate>
            <attachmentList>
                <id>200100000001033</id>
                <fileName>DIM Portfolio name change.xlsx</fileName>
                <type>internal</type>
                <filePath>Department_999_Customer Care\Folders_And_Articles\internal_attachments\200100000001033_DIM_Order_Receipt.xlsx</filePath>
            </attachmentList>
            <createdDate>2020-05-04 10:36:40</createdDate>
            <lastModifiedDate>2020-05-04 10:36:40</lastModifiedDate>
            <createdBy>npepe</createdBy>
            <lastModifiedBy>npepe</lastModifiedBy>
            <linkedAliases>5434D922-7A41-43D0-A47C-02A03F6269C5</linkedAliases>
            <containsLinks>true</containsLinks>
        </versionDataList>
    </langDataList>
    <langDataList>
        <language>fr-fr</language>
        <versionDataList>
            <versionNumber>56426</versionNumber>
            <name>[001]Moyens de paiement</name>
            <description>Payment Methods</description>
            <articleType>General</articleType>
            <content>&lt;head&gt;&lt;META name=GENERATOR content="MSHTML 8.00.7601.19104"&gt;&lt;/head&gt;&lt;body&gt;Sur $SiteName$, vous pouvez utiliser les moyens de paiement suivants : &lt;BR&gt;&lt;BR&gt;&lt;STRONG&gt;Carte de crédit&lt;/STRONG&gt; : Visa, MasterCard, American Express et JCB, Visa Electron, Carte Bleue, cartes prépayées. Le montant total sera débité de votre carte au moment de l’expédition de votre commande. [NOSTORE VAL]&lt;BR&gt;$SiteName$ dispose d’une option Achat Rapide qui vous permet de mémoriser les informations de votre carte de crédit de façon à ce que vous n’ayez plus besoin de les saisir lors de vos prochains achats. [/NOSTORE]&lt;BR&gt;&lt;BR&gt;&lt;STRONG&gt;PayPal&lt;/STRONG&gt; : procédez facilement à vos achats en ligne sans avoir à saisir les informations de votre carte de crédit sur le site Internet. Votre compte sera débité au moment de la finalisation de votre commande. Pour créer un nouveau compte PayPal,&amp;nbsp;visitez le site Internet &lt;A href="http://www.paypal.com/" target=_new&gt;paypal.com&lt;/A&gt;.[NOSTORE POM, DODO]&lt;BR&gt;&lt;BR&gt;&lt;STRONG&gt;Paiement en espèces à la livraison&lt;/STRONG&gt; : ce moyen de paiement n’est disponible que pour les commandes d'un montant inférieur à&amp;nbsp;[NOSTORE Y]750[/NOSTORE][STORE Y]500[/STORE]&amp;nbsp;€. Au moment de la livraison, vous devrez remettre au transporteur le montant exact en espèces indiqué sur l’email de confirmation. Le transporteur ne peut pas rendre la monnaie ni accepter de chèque. Si vous souhaitez obtenir un remboursement, vous devez spécifier un compte bancaire ou un compte postal. Ce moyen de paiement comprend un coût supplémentaire de&amp;nbsp;$COD$[STORE Y] et il n’est disponible que pour les utilisateurs enregistrés[/STORE].[/NOSTORE][STORE Y]&lt;BR&gt;&lt;BR&gt;&lt;STRONG&gt;Moneyoox&lt;/STRONG&gt; : si vous avez activé l’option Moneyoox et que vous vous êtes identifié(e) sur le site au moment de votre commande, ce moyen de paiement sera automatiquement utilisé. Vous pouvez compenser la différence éventuelle en utilisant le moyen de paiement de votre choix : carte de crédit, PayPal ou contre-remboursement. En savoir plus sur [ARTICLE 2057]Moneyoox[/ARTICLE].[/STORE]&lt;/body&gt;</content>
			<availabilityDate>2021-04-29 13:09:40</availabilityDate>
            <attachmentList>
                <id>200100000001033</id>
                <fileName>DIM Portfolio name change.xlsx</fileName>
                <type>internal</type>
                <filePath>Department_999_Customer Care\Folders_And_Articles\internal_attachments\200100000001033_DIM_Order_Receipt.xlsx</filePath>
            </attachmentList>
            <createdDate>2021-04-15 08:54:19</createdDate>
            <lastModifiedDate>2021-04-15 08:54:19</lastModifiedDate>
            <createdBy>npepe</createdBy>
            <lastModifiedBy>npepe</lastModifiedBy>
            <linkedAliases>5434D922-7A41-43D0-A47C-02A03F6269C5</linkedAliases>
            <containsLinks>true</containsLinks>
        </versionDataList>
    </langDataList>
    <egainTopicPathList>\Topics\[002][HPLIST1]Payments[NOMAIL POM, DODO, MMM]</egainTopicPathList>	
    <egainTopicPathList>\Topics\[003][HPLIST1]Returns and Refunds[NOMAIL POM, DODO, MMM]\[003]Return FAQs</egainTopicPathList>	
    <createdDate>2014-07-24 11:09:08</createdDate>
    <lastModifiedDate>2021-04-20 13:09:40</lastModifiedDate>
    <createdBy>vebner</createdBy>
    <lastModifiedBy>npepe</lastModifiedBy>
    <linkAlias>32CA85E0-ED45-43B5-A3D4-13736DD6995E</linkAlias>
</exportedArticle>
