<?xml version="1.0" encoding="UTF-8" standalone="yes"?>
<exportedFolder xmlns="http://bindings.egain.com/ps/extension/migration/gen/kb">
    <id>2044</id>
    <egainFolderPath>\Content\Shared\Yoox\Payment\Payment methods</egainFolderPath>
    <exportedFolderLangDataList>
        <name>Payment methods</name>
        <description>Payment methods</description>
        <language>en-us</language>
    </exportedFolderLangDataList>
    <exportedFolderLangDataList>
        <name>Payment methods</name>
        <description>Payment methods</description>
        <language>ja-jp</language>
    </exportedFolderLangDataList>
    <exportedFolderLangDataList>
        <name>Payment methods</name>
        <description>Payment methods</description>
        <language>ko-kr</language>
    </exportedFolderLangDataList>
    <exportedFolderLangDataList>
        <name>Payment methods</name>
        <description>Payment methods</description>
        <language>ru-ru</language>
    </exportedFolderLangDataList>
    <exportedFolderLangDataList>
        <name>Payment methods</name>
        <description>Payment methods</description>
        <language>de-de</language>
    </exportedFolderLangDataList>
    <exportedFolderLangDataList>
        <name>Payment methods</name>
        <description></description>
        <language>it-it</language>
    </exportedFolderLangDataList>
    <exportedFolderLangDataList>
        <name>Payment methods</name>
        <description>Payment methods</description>
        <language>es-es</language>
    </exportedFolderLangDataList>
    <exportedFolderLangDataList>
        <name>Payment methods</name>
        <description>$SiteName$ 支付方式有： 详情请点击以下支付方式：</description>
        <language>zh-cn</language>
    </exportedFolderLangDataList>
    <exportedFolderLangDataList>
        <name>Payment methods</name>
        <description>Payment methods</description>
        <language>el-gr</language>
    </exportedFolderLangDataList>
    <exportedFolderLangDataList>
        <name>Payment methods</name>
        <description></description>
        <language>fr-fr</language>
    </exportedFolderLangDataList>
    <translate>0</translate>
</exportedFolder>
