<?xml version="1.0" encoding="UTF-8" standalone="yes"?>
<exportedArticle xmlns="http://bindings.egain.com/ps/extension/migration/gen/kb">
    <id>3329</id>
    <egainArticlePath>\Content\Shared\Yoox\Payment\Tax information\[004]Tax Refund Policy [STORE Y][AREA CA][HIDE]</egainArticlePath>
    <langDataList>
        <language>en-us</language>
        <versionDataList>
            <versionNumber>24029</versionNumber>
            <name>[004]Tax Refund Policy [STORE Y][AREA CA][HIDE]</name>
            <description>Tax Refund Policy</description>
            <articleType>General</articleType>
            <keywords>duty, duties, tax, taxes, GST, refund</keywords>
            <summary></summary>
            <content>&lt;head&gt;&lt;META name=GENERATOR content="MSHTML 9.00.8112.16496"&gt;&lt;/head&gt;&lt;body&gt;&lt;P&gt;$SiteName$ applies a transparent tax policy, showing tax-excluded prices, and applying any taxes and duties at checkout. Therefore you do not need to pay anything else to the courier or to customs authorities upon delivery. &lt;/P&gt;&lt;P&gt;If you decide to return an item, $SiteName$ will take care of the taxes and duties that apply to your return. We will refund you the purchase price only and a flat Restocking Fee of USD 5.00 for each returned item will be deducted from your refund. &lt;/P&gt;&lt;P&gt;Should you need further information, we invite you to contact your local customs office directly.&lt;/P&gt;&lt;/body&gt;</content>
            <createdDate>2021-03-25 11:07:26</createdDate>
            <lastModifiedDate>2021-03-25 11:07:26</lastModifiedDate>
            <createdBy>npepe</createdBy>
            <lastModifiedBy>npepe</lastModifiedBy>
            <containsLinks>false</containsLinks>
        </versionDataList>
    </langDataList>
    <langDataList>
        <language>ja-jp</language>
        <versionDataList>
            <versionNumber>24033</versionNumber>
            <name>[007]Tax Refund Policy [STORE Y][AREA CA]</name>
            <description>Tax Refund Policy</description>
            <articleType>General</articleType>
            <content>&lt;head&gt;&lt;META name=GENERATOR content="MSHTML 9.00.8112.16496"&gt;&lt;/head&gt;&lt;body&gt;&lt;P&gt;$SiteName$ applies a transparent tax policy, showing tax-excluded prices, and applying any taxes and duties at checkout. Therefore you do not need to pay anything else to the courier or to customs authorities upon delivery. &lt;/P&gt;&lt;P&gt;If you decide to return an item, $SiteName$ will take care of the taxes and duties that apply to your return. We will refund you the purchase price only and a flat Restocking Fee of USD 5.00 for each returned item will be deducted from your refund. &lt;/P&gt;&lt;P&gt;Should you need further information, we invite you to contact your local customs office directly.&lt;/P&gt;&lt;/body&gt;</content>
            <createdDate>2013-08-14 14:36:12</createdDate>
            <lastModifiedDate>2013-08-14 14:36:12</lastModifiedDate>
            <createdBy>vebner</createdBy>
            <lastModifiedBy>vebner</lastModifiedBy>
            <containsLinks>false</containsLinks>
        </versionDataList>
    </langDataList>
    <langDataList>
        <language>ko-kr</language>
        <versionDataList>
            <versionNumber>24036</versionNumber>
            <name>[007]Tax Refund Policy [STORE Y][AREA CA]</name>
            <description>Tax Refund Policy</description>
            <articleType>General</articleType>
            <content>&lt;head&gt;&lt;META name=GENERATOR content="MSHTML 9.00.8112.16496"&gt;&lt;/head&gt;&lt;body&gt;&lt;P&gt;$SiteName$ applies a transparent tax policy, showing tax-excluded prices, and applying any taxes and duties at checkout. Therefore you do not need to pay anything else to the courier or to customs authorities upon delivery. &lt;/P&gt;&lt;P&gt;If you decide to return an item, $SiteName$ will take care of the taxes and duties that apply to your return. We will refund you the purchase price only and a flat Restocking Fee of USD 5.00 for each returned item will be deducted from your refund. &lt;/P&gt;&lt;P&gt;Should you need further information, we invite you to contact your local customs office directly.&lt;/P&gt;&lt;/body&gt;</content>
            <createdDate>2013-08-14 14:36:12</createdDate>
            <lastModifiedDate>2013-08-14 14:36:12</lastModifiedDate>
            <createdBy>vebner</createdBy>
            <lastModifiedBy>vebner</lastModifiedBy>
            <containsLinks>false</containsLinks>
        </versionDataList>
    </langDataList>
    <langDataList>
        <language>ru-ru</language>
        <versionDataList>
            <versionNumber>24037</versionNumber>
            <name>[007]Tax Refund Policy [STORE Y][AREA CA]</name>
            <description>Tax Refund Policy</description>
            <articleType>General</articleType>
            <content>&lt;head&gt;&lt;META name=GENERATOR content="MSHTML 9.00.8112.16496"&gt;&lt;/head&gt;&lt;body&gt;&lt;P&gt;$SiteName$ applies a transparent tax policy, showing tax-excluded prices, and applying any taxes and duties at checkout. Therefore you do not need to pay anything else to the courier or to customs authorities upon delivery. &lt;/P&gt;&lt;P&gt;If you decide to return an item, $SiteName$ will take care of the taxes and duties that apply to your return. We will refund you the purchase price only and a flat Restocking Fee of USD 5.00 for each returned item will be deducted from your refund. &lt;/P&gt;&lt;P&gt;Should you need further information, we invite you to contact your local customs office directly.&lt;/P&gt;&lt;/body&gt;</content>
            <createdDate>2013-08-14 14:36:12</createdDate>
            <lastModifiedDate>2013-08-14 14:36:12</lastModifiedDate>
            <createdBy>vebner</createdBy>
            <lastModifiedBy>vebner</lastModifiedBy>
            <containsLinks>false</containsLinks>
        </versionDataList>
    </langDataList>
    <langDataList>
        <language>de-de</language>
        <versionDataList>
            <versionNumber>24034</versionNumber>
            <name>[007]Tax Refund Policy [STORE Y][AREA CA]</name>
            <description>Tax Refund Policy</description>
            <articleType>General</articleType>
            <content>&lt;head&gt;&lt;META name=GENERATOR content="MSHTML 9.00.8112.16496"&gt;&lt;/head&gt;&lt;body&gt;&lt;P&gt;$SiteName$ applies a transparent tax policy, showing tax-excluded prices, and applying any taxes and duties at checkout. Therefore you do not need to pay anything else to the courier or to customs authorities upon delivery. &lt;/P&gt;&lt;P&gt;If you decide to return an item, $SiteName$ will take care of the taxes and duties that apply to your return. We will refund you the purchase price only and a flat Restocking Fee of USD 5.00 for each returned item will be deducted from your refund. &lt;/P&gt;&lt;P&gt;Should you need further information, we invite you to contact your local customs office directly.&lt;/P&gt;&lt;/body&gt;</content>
            <createdDate>2013-08-14 14:36:12</createdDate>
            <lastModifiedDate>2013-08-14 14:36:12</lastModifiedDate>
            <createdBy>vebner</createdBy>
            <lastModifiedBy>vebner</lastModifiedBy>
            <containsLinks>false</containsLinks>
        </versionDataList>
    </langDataList>
    <langDataList>
        <language>it-it</language>
        <versionDataList>
            <versionNumber>24032</versionNumber>
            <name>[007]Tax Refund Policy [STORE Y][AREA CA]</name>
            <description>Tax Refund Policy</description>
            <articleType>General</articleType>
            <content>&lt;head&gt;&lt;META name=GENERATOR content="MSHTML 9.00.8112.16496"&gt;&lt;/head&gt;&lt;body&gt;&lt;P&gt;$SiteName$ applies a transparent tax policy, showing tax-excluded prices, and applying any taxes and duties at checkout. Therefore you do not need to pay anything else to the courier or to customs authorities upon delivery. &lt;/P&gt;&lt;P&gt;If you decide to return an item, $SiteName$ will take care of the taxes and duties that apply to your return. We will refund you the purchase price only and a flat Restocking Fee of USD 5.00 for each returned item will be deducted from your refund. &lt;/P&gt;&lt;P&gt;Should you need further information, we invite you to contact your local customs office directly.&lt;/P&gt;&lt;/body&gt;</content>
            <createdDate>2013-08-14 14:36:12</createdDate>
            <lastModifiedDate>2013-08-14 14:36:12</lastModifiedDate>
            <createdBy>vebner</createdBy>
            <lastModifiedBy>vebner</lastModifiedBy>
            <containsLinks>false</containsLinks>
        </versionDataList>
    </langDataList>
    <langDataList>
        <language>es-es</language>
        <versionDataList>
            <versionNumber>24031</versionNumber>
            <name>[007]Tax Refund Policy [STORE Y][AREA CA]</name>
            <description>Tax Refund Policy</description>
            <articleType>General</articleType>
            <content>&lt;head&gt;&lt;META name=GENERATOR content="MSHTML 9.00.8112.16496"&gt;&lt;/head&gt;&lt;body&gt;&lt;P&gt;$SiteName$ applies a transparent tax policy, showing tax-excluded prices, and applying any taxes and duties at checkout. Therefore you do not need to pay anything else to the courier or to customs authorities upon delivery. &lt;/P&gt;&lt;P&gt;If you decide to return an item, $SiteName$ will take care of the taxes and duties that apply to your return. We will refund you the purchase price only and a flat Restocking Fee of USD 5.00 for each returned item will be deducted from your refund. &lt;/P&gt;&lt;P&gt;Should you need further information, we invite you to contact your local customs office directly.&lt;/P&gt;&lt;/body&gt;</content>
            <createdDate>2013-08-14 14:36:11</createdDate>
            <lastModifiedDate>2013-08-14 14:36:11</lastModifiedDate>
            <createdBy>vebner</createdBy>
            <lastModifiedBy>vebner</lastModifiedBy>
            <containsLinks>false</containsLinks>
        </versionDataList>
    </langDataList>
    <langDataList>
        <language>zh-cn</language>
        <versionDataList>
            <versionNumber>24035</versionNumber>
            <name>[007]Tax Refund Policy [STORE Y][AREA CA]</name>
            <description>Tax Refund Policy</description>
            <articleType>General</articleType>
            <content>&lt;head&gt;&lt;META name=GENERATOR content="MSHTML 9.00.8112.16496"&gt;&lt;/head&gt;&lt;body&gt;&lt;P&gt;$SiteName$ applies a transparent tax policy, showing tax-excluded prices, and applying any taxes and duties at checkout. Therefore you do not need to pay anything else to the courier or to customs authorities upon delivery. &lt;/P&gt;&lt;P&gt;If you decide to return an item, $SiteName$ will take care of the taxes and duties that apply to your return. We will refund you the purchase price only and a flat Restocking Fee of USD 5.00 for each returned item will be deducted from your refund. &lt;/P&gt;&lt;P&gt;Should you need further information, we invite you to contact your local customs office directly.&lt;/P&gt;&lt;/body&gt;</content>
            <createdDate>2013-08-14 14:36:12</createdDate>
            <lastModifiedDate>2013-08-14 14:36:12</lastModifiedDate>
            <createdBy>vebner</createdBy>
            <lastModifiedBy>vebner</lastModifiedBy>
            <containsLinks>false</containsLinks>
        </versionDataList>
    </langDataList>
    <langDataList>
        <language>el-gr</language>
        <versionDataList>
            <versionNumber>24038</versionNumber>
            <name>[007]Tax Refund Policy [STORE Y][AREA CA]</name>
            <description>Tax Refund Policy</description>
            <articleType>General</articleType>
            <content>&lt;head&gt;&lt;META name=GENERATOR content="MSHTML 9.00.8112.16496"&gt;&lt;/head&gt;&lt;body&gt;&lt;P&gt;$SiteName$ applies a transparent tax policy, showing tax-excluded prices, and applying any taxes and duties at checkout. Therefore you do not need to pay anything else to the courier or to customs authorities upon delivery. &lt;/P&gt;&lt;P&gt;If you decide to return an item, $SiteName$ will take care of the taxes and duties that apply to your return. We will refund you the purchase price only and a flat Restocking Fee of USD 5.00 for each returned item will be deducted from your refund. &lt;/P&gt;&lt;P&gt;Should you need further information, we invite you to contact your local customs office directly.&lt;/P&gt;&lt;/body&gt;</content>
            <createdDate>2013-08-14 14:36:12</createdDate>
            <lastModifiedDate>2013-08-14 14:36:12</lastModifiedDate>
            <createdBy>vebner</createdBy>
            <lastModifiedBy>vebner</lastModifiedBy>
            <containsLinks>false</containsLinks>
        </versionDataList>
    </langDataList>
    <langDataList>
        <language>fr-fr</language>
        <versionDataList>
            <versionNumber>24030</versionNumber>
            <name>[007]Tax Refund Policy [STORE Y][AREA CA]</name>
            <description>Tax Refund Policy</description>
            <articleType>General</articleType>
            <content>&lt;head&gt;&lt;META name=GENERATOR content="MSHTML 9.00.8112.16496"&gt;&lt;/head&gt;&lt;body&gt;&lt;P&gt;$SiteName$ applies a transparent tax policy, showing tax-excluded prices, and applying any taxes and duties at checkout. Therefore you do not need to pay anything else to the courier or to customs authorities upon delivery. &lt;/P&gt;&lt;P&gt;If you decide to return an item, $SiteName$ will take care of the taxes and duties that apply to your return. We will refund you the purchase price only and a flat Restocking Fee of USD 5.00 for each returned item will be deducted from your refund. &lt;/P&gt;&lt;P&gt;Should you need further information, we invite you to contact your local customs office directly.&lt;/P&gt;&lt;/body&gt;</content>
            <createdDate>2013-08-14 14:36:11</createdDate>
            <lastModifiedDate>2013-08-14 14:36:11</lastModifiedDate>
            <createdBy>vebner</createdBy>
            <lastModifiedBy>vebner</lastModifiedBy>
            <containsLinks>false</containsLinks>
        </versionDataList>
    </langDataList>
    <egainTopicPathList>\Topics\[002][HPLIST1]Payments[NOMAIL POM, DODO, MMM]</egainTopicPathList>
    <createdDate>2013-08-14 14:36:11</createdDate>
    <lastModifiedDate>2021-03-25 11:07:26</lastModifiedDate>
    <createdBy>vebner</createdBy>
    <lastModifiedBy>npepe</lastModifiedBy>
    <relatedArticles>2040</relatedArticles>
    <relatedArticles>3389</relatedArticles>
    <linkAlias>7B1857EE-A429-49B6-B961-466C5CC91D4A</linkAlias>
</exportedArticle>
