<?xml version="1.0" encoding="UTF-8" standalone="yes"?>
<exportedArticle xmlns="http://bindings.egain.com/ps/extension/migration/gen/kb">
    <id>2040</id>
    <egainArticlePath>\Content\Shared\Yoox\Payment\Tax information\[002]Tax Information</egainArticlePath>
    <macro>
        <name>2040</name>
        <description></description>
        <defaultArticle>0</defaultArticle>
        <defaultValue></defaultValue>
    </macro>
    <langDataList>
        <language>en-us</language>
        <versionDataList>
            <versionNumber>56356</versionNumber>
            <name>[002]Tax Information</name>
            <articleType>General</articleType>
            <keywords>tax, taxes, VAT, GST, duties, local taxes, borkerage fee</keywords>
            <summary></summary>
            <content>&lt;head&gt;&lt;META name=GENERATOR content="MSHTML 8.00.7601.19104"&gt;&lt;/head&gt;&lt;body&gt;&lt;P&gt;[AREA US]Sales Tax is applied to your order in accordance with individual state and local regulations if your shipping address is in a State where retail stores, company establishments or one of our partners are located.[STORE Y, SMC, AMQ, YSL, BRI, MCQ]&lt;BR&gt;&lt;BR&gt;For this reason, sales tax might be added to your merchandise total and displayed on the payment page of the cart.[/STORE][STORE ARM, MVS, DOS, VAL, SI, RC, D2,MMM Y3, MON, MIS, POM, DODO, BAL, MMM, BLM, TROW]&lt;BR&gt;For this reason, an estimation of the tax charge might be added to your order total during the checkout process. Exact charges will be calculated automatically after your order is shipped, depending on the Zip Code of the shipping address. &lt;STRONG&gt;The final amount will in any case be equal or less than the estimated Sales Tax&lt;/STRONG&gt; and will be indicated in the invoice you receive with the Shipping Confirmation email.[/STORE][/AREA][NOSTORE Y, SMC, BAL, YSL, AMQ, BRI, MCQ, VAL, REDV][AREA CA]GST is already included in our prices. [/AREA][/NOSTORE][NOSTORE VAL][AREA UK, COM, EEU, FR_EN, DE_EN, ES_EN, DE, FR][NOSTORE Y]Purchasing on $SiteName$ is reserved for &lt;STRONG&gt;end consumers&lt;/STRONG&gt;. Our prices are &lt;STRONG&gt;inclusive of VAT&lt;/STRONG&gt;. [/NOSTORE][STORE Y][AREA COM, EEU]Purchasing on $SiteName$ is reserved for &lt;STRONG&gt;end consumers&lt;/STRONG&gt;. Our prices are &lt;STRONG&gt;inclusive of VAT&lt;/STRONG&gt;.[/AREA][AREA UK]Purchasing on $SiteName$ is reserved for &lt;STRONG&gt;end consumers&lt;/STRONG&gt;. All duties are already included into price.[/AREA][/STORE][AREA UK] You will not need to pay any duties and taxes owed to local authorities.[/AREA]&lt;BR&gt;&lt;BR&gt;For each order, $SiteName$ issues an&amp;nbsp;&lt;STRONG&gt;invoice&lt;/STRONG&gt;; [NOSTORE ARM]the document will be sent as an attachment in the Shipping Confirmation email.[/NOSTORE][STORE ARM][NOAREA COM, EEU]the document will be sent as an attachment in the Shipping Confirmation email.[/NOAREA][AREA COM, EEU]the document will be sent as an attachment via email as soon as your order has been shipped.[/AREA][/STORE]&amp;nbsp;&lt;BR&gt;Please note: once the order has been confirmed, there is no way to modify the details you have entered and it is not possible to issue a new invoice.[/AREA][AREA JP]Customs fee, taxes and duties are already included in all prices. You will have no extra costs at delivery.[/AREA][/NOSTORE][STORE VAL][AREA UK, COM, EEU]Purchasing on $SiteName$ is reserved for &lt;STRONG&gt;end consumers&lt;/STRONG&gt;. Our prices &lt;STRONG&gt;include VAT&lt;/STRONG&gt;.&lt;BR&gt;&lt;BR&gt;You will receive an order summary document attached to the Shipping Confirmation email. &lt;BR&gt;Please note: this is not an invoice. To receive an invoice [LINKMAIL]&lt;U&gt;contact Customer Care&lt;/U&gt;[/LINKMAIL] once your order has been shipped.[/AREA][AREA COM]&lt;BR&gt;It is possible to request an invoice if you placed your order in Belgium, Denmark, Finland, Greece, Ireland, Netherlands, Portugal or Sweden. For orders placed in Cyprus, Luxembourg and Malta, only a receipt will be issued.[/AREA][AREA EEU]&lt;BR&gt;It is possible to request an invoice if you placed your order in Bulgaria, Croatia, Czech Republic, Hungary, Poland, Romania or Slovenia. For orders placed in Estonia, Latvia, Lithuania and Slovakia only a receipt will be issued.[/AREA][/STORE][NOSTORE BLM, Y3, VAL][AREA ROW_HK, HK]Duties, local taxes and brokerage fees for most of the countries will be shown directly at checkout. You will have no extra costs at delivery. [STORE Y]&lt;BR&gt;&lt;BR&gt;For Australian orders, GST is already included in our prices. For orders above 1000 AUD import duties will be added to the order total at checkout.[/STORE][/AREA][/NOSTORE][STORE BLM, VAL, TROW][AREA ROW_HK]The total you pay when you complete your order already includes all duties and taxes owed to local authorities. You will not need to pay any further fees when the package is delivered.[/AREA][/STORE][STORE SMC, BAL, YSL, REDV][AREA ROW_HK]&lt;BR&gt;For Australian[STORE BAL] and Singaporean[/STORE]customers: the total you pay when you complete your order already includes all duties and taxes owed to local authorities. You will not need to pay any further fees when the package is delivered.&lt;BR&gt;[STORE BAL]Please note that any duties, taxes and fees you have paid for the delivery of the purchased products shall not be refunded, except for Australia, Macao, SAR of China&amp;nbsp;and Hong Kong, SAR of China.[/STORE][/AREA][/STORE][AREA ROW_HK][STORE AMQ, MCQ, Y3]&lt;BR&gt;[NOSTORE Y3]For Australian[STORE MCQ]and South Korean[/STORE]customers: [/NOSTORE]You will not need to pay any duties and taxes owed to local authorities.[/STORE][/AREA][STORE Y, REDV][AREA ROW]For most countries, local taxes and duties are calculated in your $cart$ and added to your order total. The total you pay at Checkout will therefore include all fees and taxes.[NOSTORE REDV]&lt;BR&gt;Customers from the following countries need to pay these fees at delivery: Albania, Algeria, Argentina, Bosnia and Herzegovina, Côte d'Ivoire, Dominican Republic, Iceland, Lebanon, Liberia, Macedonia, Madagascar, Moldova, Paraguay, Syrian Arab Republic, Tunisia, Venezuela. We invite you to verify your local import policy before ordering.[/NOSTORE][STORE REDV]&lt;BR&gt;&lt;BR&gt;For the United Arab Emirates only: no extra costs will be charged upon delivery and no import taxes and duties need to be paid.[/STORE][/AREA][/STORE][AREA CHNO, CA][NOSTORE BAL, SMC, VAL, YSL, REDV]Duties, import taxes or other fees may be requested for your order depending on your country's import policy.&lt;BR&gt;&lt;BR&gt;$SiteName$ calculates these fees for you: the exact amount of local taxes and duties for your order will be indicated in the $cart$ and throughout Checkout.&lt;BR&gt;&lt;BR&gt;The total you pay when you complete your order already includes all duties and taxes owed to local authorities. &lt;STRONG&gt;You will not need to pay any further fees when the package is delivered&lt;/STRONG&gt;.[/NOSTORE][/AREA][STORE D2, VAL, Y3, SI, ARM, MVS, MON, SMC, POM, DODO, AMQ, BAL, YSL, MCQ, MIS, FER, ALAIA, TROW, CHLOE, DUN, LAN][AREA ROW]1) For [NOSTORE VAL]most countries,[/NOSTORE][STORE VAL]Chile and Colombia[/STORE] local taxes and duties are calculated in your $cart$ and added to your order total. The total you pay at Checkout will therefore include all fees and taxes. Before completing your order please check your total to see if Duties and Taxes have already been included. If they are not included we suggest you verify your local import policy before ordering.&lt;BR&gt;2) [NOSTORE VAL][NOSTORE FER, ALAIA, TROW]For [NOSTORE MIS, Y3, SMC, LAN, CHLOE, DUN]Vietnam,[/NOSTORE] Tunisia[STORE LAN, CHLOE, DUN, SMC] and Mexico[/STORE][NOSTORE CHLOE, LAN, DUN, SMC] and Argentina[/NOSTORE] local taxes and duties cannot be calculated and will need to be paid at delivery to the courier.&lt;BR&gt;If you are ordering from one of these countries you will be contacted when the package arrives at Customs and presented with a separate invoice for taxes or fees owed.[/NOSTORE][STORE FER, ALAIA, TROW]Customers from the following countries need to pay these fees at delivery: [NOSTORE TROW]Albania, Algeria, Argentina, Bosnia and Herzegovina, Côte d'Ivoire, Dominican Republic, Iceland, Lebanon, Liberia, Macedonia, Madagascar,Moldova, Paraguay, Qatar, Tunisia, Venezuela[STORE ALAIA], Andorra, Kuwait, Mexico,Oman, Saudi Arabia, United Arab Emirates.[/STORE][/NOSTORE][/STORE][STORE TROW]Albania, Iceland, Kuwait, Lebanon, Mexico, Republic of Moldova, Qatar, Saudi Arabia, Tunisia, Ukraine, United Arab Emirates.[/STORE][/NOSTORE][STORE SMC]&lt;BR&gt;3)[/STORE][STORE VAL, SMC] For customers from [NOSTORE SMC]Andorra, Argentina, Bahrain, Bosnia and Herzegovina, Egypt, Island, Israel, Kuwait, Lichtenstein, Macedonia, Moldova, Montenegro, Oman, Saudi Arabia, Serbia, South Africa, Tunisia, Turkey and the United Arab Emirates[/NOSTORE][STORE SMC]Egypt, Liechtenstein, Turkey and United Arab Emirates[/STORE]: you will not need to pay any duties and taxes owed to local authorities.[/STORE][/AREA][/STORE][STORE BLM][AREA ROW]&lt;STRONG&gt;Local taxes, duties and other fees may be assessed on your order depending on the policy of your country.&lt;/STRONG&gt;[/AREA][/STORE][STORE BAL, SMC][AREA CHNO]Duties, import taxes or other fees may be requested for your order depending on your country's import policy.&lt;BR&gt;&lt;BR&gt;$SiteName$ calculates these fees for you: the exact amount of local taxes and duties for your order will be indicated in the $cart$ and throughout Checkout.&lt;BR&gt;&lt;BR&gt;The total you pay when you complete your order already includes all duties and taxes owed to local authorities. &lt;STRONG&gt;You will not need to pay any further fees when the package is delivered&lt;/STRONG&gt;.[/AREA][AREA CA]Any duties and import taxes are already included in the price of each item. &lt;STRONG&gt;You will have no extra costs at delivery.&lt;/STRONG&gt;[/AREA][/STORE][STORE VAL, REDV][AREA CHNO, CA]You will not need to pay any duties and taxes owed to local authorities. [/AREA][/STORE][STORE Y][AREA CHNO]&lt;BR&gt;&lt;BR&gt;For &lt;STRONG&gt;Switzerland&lt;/STRONG&gt; only: Any duties and import taxes are already included in the price of each item. &lt;STRONG&gt;You will have no extra costs at delivery.&lt;/STRONG&gt;[/AREA][/STORE][AREA RU_EN][NOSTORE TROW]You can enter a Billing Address that differs from your Shipping Address on the second page of the $cart$. Uncheck the box "&lt;STRONG&gt;The billing details are the same as the shipping details&lt;/STRONG&gt;" to insert Name, Surname and Billing Address.&lt;BR&gt;&lt;BR&gt;Your order will be subject to customs duties and taxes under the following conditions:&lt;BR&gt;&lt;BR&gt;- the total value of a shipment you receive from outside the Russian Federation [STORE SMC, KL, LAN, IM, ALAIA, BLM, CHLOE, FER, RC]or other countries of the Eurasian Economic Union (Armenia, Belarus, Kazakhstan and Kyrgyzstan)[/STORE] exceeds 200 Euros; and/or&lt;BR&gt;- your shipment exceeds 31 kg.&lt;BR&gt;&lt;BR&gt;Customs duties and taxes will amount to 15% of the value of your order applied in relation to the excess of the value and/or weight limit (shipping costs excluded).[STORE SMC, KL, LAN, IM, ALAIA, BLM, CHLOE, FER, RC]&lt;BR&gt;&lt;BR&gt;Please note that member states of the Eurasian Economic Union are entitled to individually stipulate stricter rules for the importation of goods for personal use at a national level.[/STORE]&lt;BR&gt;&lt;BR&gt;Click &lt;A href="http://finance.yahoo.com/currency-converter#from=EUR;to=RUB;amt=1" target=_blank&gt;here&lt;/A&gt; to calculate the current conversion rate.[/NOSTORE][STORE MVS, LAN, D2, MMM, Y3, ARM, SMC, KL, CHLOE, AX, IM, FER, ALAIA, BLM, RC, TROW]&lt;BR&gt;&lt;BR&gt;Orders shipped to Ukraine are subject to customs duties if the value of the articles contained in the individual package exceeds 100 Euros. If this limit is exceeded, you will be charged customs duties and tax. However, $Brand$ is not able to calculate the exact amount of these charges.&lt;BR&gt;Orders placed in other countries may also be subject to customs duties and/or taxes based on local legislation. &lt;BR&gt;For more information regarding the rules on the importation of merchandise into your country, please contact the competent authorities.[/STORE][/AREA][AREA IT]Our prices include VAT (IVA). &lt;/P&gt;&lt;P&gt;You will receive a receipt when your order has been shipped. We are unable to include your VAT number (partita IVA), as purchases on $SiteName$ may only be made by end-users. &lt;A href="http://$DomainName$/cms/legal/saleterms.asp"&gt;View our Legal Area&lt;/A&gt; for more information.[/AREA][STORE Y][AREA AE]You will not need to pay any duties and taxes owed to local authorities.[/AREA][/STORE]&lt;/P&gt;&lt;/body&gt;</content>
            <createdDate>2021-03-25 13:33:46</createdDate>
            <lastModifiedDate>2021-03-25 13:33:46</lastModifiedDate>
            <createdBy>npepe</createdBy>
            <lastModifiedBy>npepe</lastModifiedBy>
            <containsLinks>false</containsLinks>
        </versionDataList>
    </langDataList>
    <langDataList>
        <language>ja-jp</language>
        <versionDataList>
            <versionNumber>51531</versionNumber>
            <name>[002]税金と領収書について[NOSTORE TROW]</name>
            <description>Tax Information and Invoice</description>
            <articleType>General</articleType>
            <keywords>税金,  消費税, 税,  税, 税金,  税, 消費税, 税金, 関税</keywords>
            <summary></summary>
            <content>&lt;head&gt;&lt;META name=GENERATOR content="MSHTML 8.00.7601.17514"&gt;&lt;/head&gt;&lt;body&gt;通関手数料・関税・消費税などのすべての税金は、商品価格に含まれております。 商品のお届け時、およびそれ以降に追加料金をいただくことはございません。ご安心ください。&lt;/body&gt;</content>
            <createdDate>2019-08-26 07:28:15</createdDate>
            <lastModifiedDate>2019-08-26 07:28:15</lastModifiedDate>
            <createdBy>emarongiu</createdBy>
            <lastModifiedBy>emarongiu</lastModifiedBy>
            <containsLinks>false</containsLinks>
        </versionDataList>
    </langDataList>
    <langDataList>
        <language>ko-kr</language>
        <versionDataList>
            <versionNumber>51976</versionNumber>
            <name>[002]세금 정보</name>
            <description>Taxes and Duties</description>
            <articleType>General</articleType>
            <keywords>세금, 부가세, 부가가치세, 관세, 지방세, 통관수수료, 통관 수수료, 물품통관수수료</keywords>
            <summary></summary>
            <content>&lt;head&gt;&lt;META name=GENERATOR content="MSHTML 8.00.7601.17514"&gt;&lt;/head&gt;&lt;body&gt;[NOSTORE YSL, SMC, BAL, AMQ, BLM, MVS, MCQ, ALAIA]해당 국가의 관세 및 부가세, 중개수수료에 대한 내역은 결제 시 확인하실 수 있으며, $product$ 수령 시 별도의 요금을 지불하실 필요가 없습니다.&amp;nbsp; 또한 물품가격 미화 150달러 이하의 물품으로서 자가사용으로 인정되는 물품은 한국 관세법에 따라 면세적용됩니다.[/NOSTORE][STORE SMC, BAL, BLM, MVS, ALAIA]관세, 지방세 및 중개수수료는 총 결제 금액에 포함되어 있습니다. 제품 수령 시 별도의 요금을 지불하실 필요가 없습니다.[/STORE][STORE YSL]물품가격 미화 150달러 이하의 물품으로서 자가사용으로 인정되는 물품은 한국 관세법에 따라 면세적용됩니다.[/STORE][STORE AMQ, MCQ]모든 관세 및 수입 세금은 이미 각 아이템의 가격에 포함되어 있습니다. 배송 시 추가 비용이 발생하지 않습니다.[/STORE]&lt;/body&gt;</content>
            <createdDate>2019-09-30 14:12:21</createdDate>
            <lastModifiedDate>2019-09-30 14:12:21</lastModifiedDate>
            <createdBy>anedelcu</createdBy>
            <lastModifiedBy>anedelcu</lastModifiedBy>
            <containsLinks>false</containsLinks>
        </versionDataList>
    </langDataList>
    <langDataList>
        <language>ru-ru</language>
        <versionDataList>
            <versionNumber>52694</versionNumber>
            <name>[002]Таможенные пошлины[AREA RU]</name>
            <articleType>General</articleType>
            <keywords>налог, пошлины, сборы, взносы, НДС, VAT, таможня, таможенный контроль, пошлина, налог, местные налоги, выпустить, выпуск, импорт, ввоз</keywords>
            <summary></summary>
            <content>&lt;head&gt;&lt;META name=GENERATOR content="MSHTML 8.00.7601.24000"&gt;&lt;/head&gt;&lt;body&gt;&lt;P&gt;Товары для личного пользования, ввозимые на территорию &lt;STRONG&gt;Российской Федерации&lt;/STRONG&gt;[STORE DUN, MIS, Y, SMC, KL, LAN, IM, ALAIA, BLM, CHLOE, FER, RC] или других государств-членов Евразийского Экономического Союза (&lt;STRONG&gt;Армения&lt;/STRONG&gt;, &lt;STRONG&gt;Белоруссия&lt;/STRONG&gt;, &lt;STRONG&gt;Киргизия&lt;/STRONG&gt; и &lt;STRONG&gt;Казахстан&lt;/STRONG&gt;)[/STORE], будут облагаться таможенными пошлинами и налогами, если стоимость одного отправления на имя одного физического лица превысит сумму в размере 200 евро и/или общий вес 31 кг.&lt;BR&gt;&lt;BR&gt;В случае превышения указанных норм ввоза товары будут облагаться таможенными пошлинами и налогами в размере 15% от стоимости отправления в части превышения стоимостной и и/или весовой норм.[STORE DUN, MIS, Y, SMC, KL, LAN, IM, ALAIA, BLM, CHLOE, FER, RC] &lt;BR&gt;&lt;BR&gt;Обращаем внимание на то, что на национальном уровне отдельными государствами-членами Евразийского Экономического Союза могут предусматриваться более жесткие нормы ввоза товаров для личного пользования.[/STORE]&lt;BR&gt;&lt;BR&gt;Товары, ввозимые в&lt;STRONG&gt; Украину&lt;/STRONG&gt;, будут облагаться таможенными пошлинами/налогами, если их стоимость в одном отправлении на имя одного физического лица превысит сумму в размере 100 евро. В случае превышения указанной нормы ввоза, законодательством данной страны предусмотрены таможенные пошлины/налоги, взимаемые с суммы, превышающей 100 евро. &lt;BR&gt;&lt;/P&gt;&lt;/body&gt;</content>
            <createdDate>2020-01-02 10:01:52</createdDate>
            <lastModifiedDate>2020-01-02 10:01:52</lastModifiedDate>
            <createdBy>npepe</createdBy>
            <lastModifiedBy>npepe</lastModifiedBy>
            <containsLinks>false</containsLinks>
        </versionDataList>
    </langDataList>
    <langDataList>
        <language>de-de</language>
        <versionDataList>
            <versionNumber>56313</versionNumber>
            <name>[002]Mehrwertsteuer und Rechnung</name>
            <description>Tax Information and Invoice</description>
            <articleType>General</articleType>
            <keywords>Mehrwertsteuer, Mwst.</keywords>
            <summary></summary>
            <content>&lt;head&gt;&lt;META name=GENERATOR content="MSHTML 8.00.7601.19104"&gt;&lt;/head&gt;&lt;body&gt;[NOSTORE VAL]$SiteName$ richtet sich an &lt;STRONG&gt;Endverbraucher&lt;/STRONG&gt;. Unsere Einkaufspreise gelten &lt;STRONG&gt;zuzüglich MwSt. &lt;/STRONG&gt;$SiteName$ stellt für jede Bestellung eine &lt;STRONG&gt;Rechnung&lt;/STRONG&gt; aus. [NOSTORE ARM]Diese Rechnung erhalten Sie als Anhang in der Versandbestätigungsmail.[/NOSTORE][STORE ARM]Das Dokument wird als E-Mail-Anhang verschickt, sobald Ihre Bestellung versandt wurde.[/STORE]&amp;nbsp;Bitte beachten Sie, dass die Rechnungsinformationen nach der Bestätigung der Bestellung nicht mehr geändert und keine neuen Rechnungen mehr ausgestellt werden können.[/NOSTORE][STORE VAL]Bestellungen auf $SiteName$ sind dem Endverbraucher vorbehalten. Unsere Preise beinhalten die Mehrwertsteuer.&lt;BR&gt;Als Anlage erhalten Sie die Versandbestätigung und die Aufführung der bestellten Artikel. &lt;BR&gt;Bitte beachten Sie: hierbei handelt es sich um keine Rechnung, um diese zu erhalten [LINKMAIL]&lt;U&gt;kontaktieren Sie den Kundenservice&lt;/U&gt;[/LINKMAIL] sobald Ihre Bestllung versandt wurde.[/STORE]&lt;/body&gt;</content>
            <createdDate>2021-03-19 15:39:46</createdDate>
            <lastModifiedDate>2021-03-19 15:39:46</lastModifiedDate>
            <createdBy>npepe</createdBy>
            <lastModifiedBy>npepe</lastModifiedBy>
            <containsLinks>false</containsLinks>
        </versionDataList>
    </langDataList>
    <langDataList>
        <language>it-it</language>
        <versionDataList>
            <versionNumber>56327</versionNumber>
            <name>[002]IVA e Ricevuta[NOSTORE ARM][AREA IT]</name>
            <articleType>General</articleType>
            <keywords>IVA, tasse</keywords>
            <summary></summary>
            <content>&lt;head&gt;&lt;META name=GENERATOR content="MSHTML 8.00.7601.19104"&gt;&lt;/head&gt;&lt;body&gt;L'acquisto su $SiteName$ è riservato ai &lt;STRONG&gt;consumatori finali&lt;/STRONG&gt;. I nostri prezzi sono &lt;STRONG&gt;comprensivi di IVA.&lt;/STRONG&gt;[NOSTORE VAL]&amp;nbsp; &lt;P&gt;&lt;/P&gt;&lt;P&gt;&lt;/P&gt;Per ogni ordine, $SiteName$ emette una &lt;STRONG&gt;ricevuta&lt;/STRONG&gt;; il documento verrà inviato in allegato all'email di conferma della spedizione.[STORE Y]&lt;BR&gt;Per ottenere la fattura, invece, è necessario indicare il proprio codice fiscale al momento dell'acquisto e scaricare il documento dal portale "Fatture e Corrispettivi" dell'Agenzia delle Entrate.[/STORE][NOSTORE Y] Nota bene: una volta confermato l'ordine, non ci sarà in alcun modo possibile modificare i dati da [NOSTORE BV]te[/NOSTORE][STORE BV]Lei[/STORE] inseriti né emettere un nuovo documento di vendita.[/NOSTORE][/NOSTORE][STORE VAL]&lt;BR&gt;&lt;BR&gt;Riceverai in allegato all'email di conferma della spedizione il documento di riepilogo dell'ordine. &lt;BR&gt;Nota bene: non si tratta di una fattura, per ricevere la quale è necessario indicare il proprio codice fiscale al momento dell'acquisto e [LINKMAIL]&lt;U&gt;contattare il Servizio Clienti&lt;/U&gt;[/LINKMAIL] una volta che l'ordine è stato spedito.[/STORE]&lt;/body&gt;</content>
            <createdDate>2021-03-19 15:45:48</createdDate>
            <lastModifiedDate>2021-03-19 15:45:48</lastModifiedDate>
            <createdBy>npepe</createdBy>
            <lastModifiedBy>npepe</lastModifiedBy>
            <containsLinks>false</containsLinks>
        </versionDataList>
    </langDataList>
    <langDataList>
        <language>es-es</language>
        <versionDataList>
            <versionNumber>56339</versionNumber>
            <name>[002]Información sobre tasas y facturación</name>
            <description>Tax Information and Invoices</description>
            <articleType>General</articleType>
            <keywords>IVA, tasas, tasa</keywords>
            <summary></summary>
            <content>&lt;head&gt;&lt;META name=GENERATOR content="MSHTML 8.00.7601.19104"&gt;&lt;/head&gt;&lt;body&gt;[NOSTORE VAL][NOAREA ROW_ES]Las compras en $SiteName$ están reservadas a &lt;STRONG&gt;clientes finales&lt;/STRONG&gt;. Nuestros precios &lt;STRONG&gt;incluyen IVA.&lt;/STRONG&gt; &lt;BR&gt;&lt;BR&gt;Con cada pedido, $SiteName$ emite una &lt;STRONG&gt;factura&lt;/STRONG&gt;; [NOSTORE ARM]el documento se enviará adjunto en el email de confirmación.[/NOSTORE][STORE ARM]te enviaremos el documento adjunto por correo electrónico en cuanto enviemos tu pedido.[/STORE]&amp;nbsp;Por favor, ten en cuenta que, una vez que el pedido haya sido confirmado, no hay forma de modificar los detalles que nos has facilitado, y no es posible emitir una nueva factura.[/NOAREA][AREA ROW_ES]Los impuestos y tasas locales se calculan en tu $cart$ y se añaden al total de tu pedido. El total que pagues al finalizar el proceso de compra incluirá por tanto todas las tasas e impuestos.&lt;BR&gt;&lt;BR&gt;En Argentina, las tasas e impuestos locales no pueden calcularse y han de pagarse cuando el mensajero entregue el paquete. Se pondrán en contacto contigo cuando tu paquete llegue a la Aduana y recibirás una factura por separado con las tasas e impuestos debidos.[/AREA][/NOSTORE][STORE VAL]La compra en $SiteName$ está reservada a consumidores finales. Nuestros precios incluyen IVA.&lt;BR&gt;Recibirás adjunto en el correo de confirmación de envío el documento de resumen de tu pedido. &lt;BR&gt;Nota: no se trata de una factura. Para recibir la misma es necesario [LINKMAIL]&lt;U&gt;contactar con el servicio de Atención al Cliente&lt;/U&gt;[/LINKMAIL] una vez que te hayamos enviado tu pedido.[/STORE]&lt;/body&gt;</content>
            <createdDate>2021-03-19 16:22:21</createdDate>
            <lastModifiedDate>2021-03-19 16:22:21</lastModifiedDate>
            <createdBy>npepe</createdBy>
            <lastModifiedBy>npepe</lastModifiedBy>
            <containsLinks>false</containsLinks>
        </versionDataList>
    </langDataList>
    <langDataList>
        <language>zh-cn</language>
        <versionDataList>
            <versionNumber>47888</versionNumber>
            <name>[003]税</name>
            <description>Tax information</description>
            <articleType>General</articleType>
            <keywords>增值税, 税, 责任, 当地税收</keywords>
            <summary></summary>
            <content>&lt;head&gt;&lt;META name=GENERATOR content="MSHTML 8.00.7601.24000"&gt;&lt;/head&gt;&lt;body&gt;[NOSTORE SI, IMCN][NOAREA US, HK]网站所有页面的价格中都已含税。&amp;nbsp; &lt;BR&gt;您看到的“购物袋”页面的订单总额是您需要付费的真实总额。[/NOAREA][AREA US]如果您的配送地址所在的州内设有零售店、公司或我们的合作伙伴，根据各州与当地法规，您的订单会被征收销售税。&lt;BR&gt;&lt;BR&gt;如果您配送至以下任何州，$SiteName$ 需要征收消费税：&lt;STRONG&gt;Arizona、Arkansas、California、Colorado、Connecticut、District of Columbia、Florida、Georgia、Hawaii、Illinois、Indiana、Iowa、Kansas、Kentucky、Maine、Maryland、Massachusetts、Michigan、Minnesota、Missouri、Nevada、New Jersey、New York、North Carolina、Ohio、Pennsylvania、Rhode Island、South Carolina、Tennessee、Texas、Virginia、Washington 和 Wisconsin。&lt;/STRONG&gt;&lt;BR&gt;&lt;BR&gt;税金会加入您的商品总额并显示在最终订单确认函上。&lt;P&gt;&lt;/P&gt;&lt;P&gt;&lt;STRONG&gt;免税&lt;BR&gt;&lt;/STRONG&gt;若代表免税组织或个人下达的订单，请在完成订单后[LINKMAIL]联系我们[/LINKMAIL]。您需要提供商品配送地址所在州/省份的免税证明。订单上的组织或个人名称须与州免税证明上的一致。或者您可以提供一份护照副本、学历 ID 或办公室电话号码，以便我们进行验证。[/AREA][AREA HK]关税、地方税和经纪人佣金将在结账时直接显示。您无需为发货支付额外费用。[/AREA][/NOSTORE][STORE SI, IMCN]地方税将被计入“购物袋”并加入订单总额之中。因此，您结账时所支付的货款已含税。[/STORE]&lt;/P&gt;&lt;/body&gt;</content>
            <createdDate>2019-08-20 15:11:06</createdDate>
            <lastModifiedDate>2019-08-20 15:11:06</lastModifiedDate>
            <createdBy>emarongiu</createdBy>
            <lastModifiedBy>emarongiu</lastModifiedBy>
            <containsLinks>false</containsLinks>
        </versionDataList>
    </langDataList>
    <langDataList>
        <language>el-gr</language>
        <versionDataList>
            <versionNumber>28467</versionNumber>
            <name>[002]Πληροφορίες για τον ΦΠΑ και το τιμολόγιο</name>
            <description>Tax Information and Invoices</description>
            <articleType>General</articleType>
            <keywords>ΦΠΑ, φόρος, φόροι</keywords>
            <summary></summary>
            <content>&lt;head&gt;&lt;META name=GENERATOR content="MSHTML 8.00.7601.18534"&gt;&lt;/head&gt;&lt;body&gt;Τα προϊόντα του $SiteName$ πωλούνται αποκλειστικά σε &lt;STRONG&gt;τελικούς καταναλωτές&lt;/STRONG&gt;. Οι τιμές μας &lt;STRONG&gt;συμπεριλαμβάνουν τον ΦΠΑ.&lt;/STRONG&gt;&lt;P&gt;&lt;/P&gt;&lt;P&gt;&lt;/P&gt;Για κάθε παραγγελία, το $SiteName$ εκδίδει ένα &lt;STRONG&gt;τιμολόγιο&lt;/STRONG&gt;. Tο έγγραφο αυτό αποστέλλεται συνημμένα στο e-mail επιβεβαίωσης αποστολής της παραγγελίας. Παρακαλούμε να έχεις υπόψη σου ότι όταν η παραγγελία επιβεβαιωθεί, δεν μπορούν να τροποποιηθούν τα στοιχεία που μας παρείχες και δεν είναι δυνατή η έκδοση νέου τιμολογίου.&lt;/body&gt;</content>
            <createdDate>2014-09-09 09:10:04</createdDate>
            <lastModifiedDate>2014-09-09 09:10:04</lastModifiedDate>
            <createdBy>vebner</createdBy>
            <lastModifiedBy>vebner</lastModifiedBy>
            <containsLinks>false</containsLinks>
        </versionDataList>
    </langDataList>
    <langDataList>
        <language>fr-fr</language>
        <versionDataList>
            <versionNumber>56309</versionNumber>
            <name>[002]Informations sur la TVA et la facturation</name>
            <description>Tax Information and Invoice</description>
            <articleType>General</articleType>
            <keywords>taxe, TVA</keywords>
            <summary></summary>
            <content>&lt;head&gt;&lt;META name=GENERATOR content="MSHTML 8.00.7601.19104"&gt;&lt;/head&gt;&lt;body&gt;[NOSTORE VAL]Les services d’achat sur $SiteName$ sont exclusivement réservés aux &lt;STRONG&gt;consommateurs finaux&lt;/STRONG&gt;. Les prix indiqués &lt;STRONG&gt;incluent la TVA.&lt;/STRONG&gt; &lt;P&gt;&lt;/P&gt;&lt;P&gt;&lt;/P&gt;$SiteName$ émet pour chaque commande effectuée une &lt;STRONG&gt;facture&lt;/STRONG&gt;. [NOSTORE ARM]Ce document sera envoyé sous forme de pièce jointe avec l’email de confirmation d’expédition du colis.[/NOSTORE][STORE ARM]Ce document sera envoyé en tant que pièce jointe à un email qui vous sera envoyé dès que votre commande sera expédiée.[/STORE]&amp;nbsp;Remarque : une fois la commande confirmée, il vous sera impossible de modifier les informations que vous avez saisies, tout comme il nous sera impossible d’émettre une nouvelle facture.[/NOSTORE][STORE VAL]L'achat sur $SiteName$ est réservé aux consommateurs finals. Nos prix s’entendent TVA incluse.&lt;BR&gt;Vous recevrez le récapitulatif de votre commande en pièce jointe de l’email de confirmation d’expédition. &lt;BR&gt;N.B. : ce document n’est pas une facture ; pour recevoir une facture, veuillez [LINKMAIL]&lt;U&gt;contacter le Service Clients&lt;/U&gt;[/LINKMAIL] après confirmation de l’expédition de la commande.[/STORE]&lt;/body&gt;</content>
            <createdDate>2021-03-19 15:26:01</createdDate>
            <lastModifiedDate>2021-03-19 15:26:01</lastModifiedDate>
            <createdBy>npepe</createdBy>
            <lastModifiedBy>npepe</lastModifiedBy>
            <containsLinks>false</containsLinks>
        </versionDataList>
    </langDataList>
    <egainTopicPathList>\Topics\[002][HPLIST1]Payments[NOMAIL POM, DODO, MMM]</egainTopicPathList>
    <createdDate>2011-12-01 14:25:00</createdDate>
    <lastModifiedDate>2021-03-25 13:33:46</lastModifiedDate>
    <createdBy>author2</createdBy>
    <lastModifiedBy>npepe</lastModifiedBy>
    <relatedArticles>3329</relatedArticles>
    <relatedArticles>3389</relatedArticles>
    <linkAlias>9CF4D550-FB8F-4805-A8EC-AF3191FB5599</linkAlias>
</exportedArticle>
