<?xml version="1.0" encoding="UTF-8" standalone="yes"?>
<exportedFolder xmlns="http://bindings.egain.com/ps/extension/migration/gen/kb">
    <id>2315</id>
    <egainFolderPath>\Content\Shared\Yoox\Payment\Tax information</egainFolderPath>
    <exportedFolderLangDataList>
        <name>Tax information</name>
        <description></description>
        <language>en-us</language>
    </exportedFolderLangDataList>
    <exportedFolderLangDataList>
        <name>Tax information</name>
        <description></description>
        <language>ja-jp</language>
    </exportedFolderLangDataList>
    <exportedFolderLangDataList>
        <name>Tax information</name>
        <description></description>
        <language>ko-kr</language>
    </exportedFolderLangDataList>
    <exportedFolderLangDataList>
        <name>Tax information</name>
        <description></description>
        <language>ru-ru</language>
    </exportedFolderLangDataList>
    <exportedFolderLangDataList>
        <name>Tax information</name>
        <description></description>
        <language>de-de</language>
    </exportedFolderLangDataList>
    <exportedFolderLangDataList>
        <name>Tax information</name>
        <description></description>
        <language>it-it</language>
    </exportedFolderLangDataList>
    <exportedFolderLangDataList>
        <name>Tax information</name>
        <description></description>
        <language>es-es</language>
    </exportedFolderLangDataList>
    <exportedFolderLangDataList>
        <name>Tax information</name>
        <description></description>
        <language>zh-cn</language>
    </exportedFolderLangDataList>
    <exportedFolderLangDataList>
        <name>Tax information</name>
        <description></description>
        <language>el-gr</language>
    </exportedFolderLangDataList>
    <exportedFolderLangDataList>
        <name>Tax information</name>
        <description></description>
        <language>fr-fr</language>
    </exportedFolderLangDataList>
    <translate>1</translate>
</exportedFolder>
