<?xml version="1.0" encoding="UTF-8" standalone="yes"?>
<exportedTopic xmlns="http://bindings.egain.com/ps/extension/migration/gen/kb">
    <id>1011</id>
    <egainTopicPath>\Topics\[002][HPLIST1]Payments[NOMAIL POM, DODO, MMM]\[002]Payment methods</egainTopicPath>
    <translate>1</translate>
    <exportedTopicLangDataList>
        <name>[002]Payment methods</name>
        <description>$SiteName$ accepts a variety of payment methods. Click on a payment method below to find out more:</description>
        <language>en-us</language>
    </exportedTopicLangDataList>
    <exportedTopicLangDataList>
        <name>[002]お支払い方法 [Payment methods]</name>
        <description>$SiteName$では、さまざまなお支払い方法がご利用になれます。 下記のお支払い方法をクリックすると詳細をご覧になれます。</description>
        <language>ja-jp</language>
    </exportedTopicLangDataList>
    <exportedTopicLangDataList>
        <name>[002][Payment methods]결제방법</name>
        <description></description>
        <language>ko-kr</language>
    </exportedTopicLangDataList>
    <exportedTopicLangDataList>
        <name>[002]Способы оплаты[Payment methods]</name>
        <description>$SiteName$ принимает различные способы оплаты.</description>
        <language>ru-ru</language>
    </exportedTopicLangDataList>
    <exportedTopicLangDataList>
        <name>[002]Zahlungsarten</name>
        <description>$SiteName$ akzeptiert mehrere Zahlungsarten. Klicken Sie auf eine Zahlungsweise, wenn Sie weitere Informationen benötigen.</description>
        <language>de-de</language>
    </exportedTopicLangDataList>
    <exportedTopicLangDataList>
        <name>[002]Metodi di pagamento</name>
        <description>[NOSTORE BV]$SiteName$ accetta vari tipi di pagamento. Scopri di più sui metodi disponibili:[/NOSTORE][STORE BV]$SiteName$ accetta vari tipi di pagamento. Scopra di più sui metodi che Le offriamo:[/STORE]</description>
        <language>it-it</language>
    </exportedTopicLangDataList>
    <exportedTopicLangDataList>
        <name>[002]Formas de Pago</name>
        <description>$SiteName$ acepta varios métodos de pago. Haz clic en uno de los métodos de pago que aparecen más abajo para descubrir más sobre el mismo:</description>
        <language>es-es</language>
    </exportedTopicLangDataList>
    <exportedTopicLangDataList>
        <name>[002]支付方式 [Payment methods]</name>
        <description>$SiteName$ 支付方式有： 详情请点击以下支付方式：</description>
        <language>zh-cn</language>
    </exportedTopicLangDataList>
    <exportedTopicLangDataList>
        <name>[002]Τρόποι πληρωμής [Payment Methods]</name>
        <description>Το $SiteName$ δέχεται ποικίλους τρόπους πληρωμής. Κάνε κλικ σε ένα από τους παρακάτω τρόπους πληρωμής για να μάθεις περισσότερα:</description>
        <language>el-gr</language>
    </exportedTopicLangDataList>
    <exportedTopicLangDataList>
        <name>[002]Moyens de Paiement</name>
        <description>$SiteName$ accepte plusieurs moyens de paiement. Cliquez sur un des moyens de paiement ci-dessous pour en savoir plus :</description>
        <language>fr-fr</language>
    </exportedTopicLangDataList>
</exportedTopic>
