<?xml version="1.0" encoding="UTF-8" standalone="yes"?>
<exportedTopic xmlns="http://bindings.egain.com/ps/extension/migration/gen/kb">
    <id>1034</id>
    <egainTopicPath>\Topics\[003][HPLIST1]Returns and Refunds[NOMAIL POM, DODO, MMM]\[003]Return FAQs</egainTopicPath>
    <translate>0</translate>
    <exportedTopicLangDataList>
        <name>[003]Return FAQs</name>
        <language>en-us</language>
    </exportedTopicLangDataList>
    <exportedTopicLangDataList>
        <name>返品FAQ [Return FAQ]</name>
        <language>ja-jp</language>
    </exportedTopicLangDataList>
    <exportedTopicLangDataList>
        <name>반품 FAQ [Return FAQs]</name>
        <language>ko-kr</language>
    </exportedTopicLangDataList>
    <exportedTopicLangDataList>
        <name>Возврат: Вопросы и Ответы [RETURN FAQ]</name>
        <language>ru-ru</language>
    </exportedTopicLangDataList>
    <exportedTopicLangDataList>
        <name>Häufig gestellte Fragen rund um Ihre Rückgabe</name>
        <description></description>
        <language>de-de</language>
    </exportedTopicLangDataList>
    <exportedTopicLangDataList>
        <name>[003]Top FAQ</name>
        <language>it-it</language>
    </exportedTopicLangDataList>
    <exportedTopicLangDataList>
        <name>FAQ Devoluciones</name>
        <language>es-es</language>
    </exportedTopicLangDataList>
    <exportedTopicLangDataList>
        <name>退货常见问题解答 [Return FAQs]</name>
        <language>zh-cn</language>
    </exportedTopicLangDataList>
    <exportedTopicLangDataList>
        <name>[Return FAQ]Συχνές Ερωτήσεις (FAQ) για Επιστροφές</name>
        <language>el-gr</language>
    </exportedTopicLangDataList>
    <exportedTopicLangDataList>
        <name>FAQ Retours</name>
        <language>fr-fr</language>
    </exportedTopicLangDataList>
</exportedTopic>
