<?xml version="1.0" encoding="UTF-8" standalone="yes"?>
<exportedFolder xmlns="http://bindings.egain.com/ps/extension/migration/gen/kb">
    <id>2038</id>
    <egainFolderPath>\Content\Shared\Yoox\Payment</egainFolderPath>
    <exportedFolderLangDataList>
        <name>Payment</name>
        <description>Payment</description>
        <language>en-us</language>
    </exportedFolderLangDataList>
    <exportedFolderLangDataList>
        <name>Payment</name>
        <description>Payment</description>
        <language>ja-jp</language>
    </exportedFolderLangDataList>
    <exportedFolderLangDataList>
        <name>Payment</name>
        <description>Payment</description>
        <language>ko-kr</language>
    </exportedFolderLangDataList>
    <exportedFolderLangDataList>
        <name>Payment</name>
        <description>Payment</description>
        <language>ru-ru</language>
    </exportedFolderLangDataList>
    <exportedFolderLangDataList>
        <name>Payment</name>
        <description>Payment</description>
        <language>de-de</language>
    </exportedFolderLangDataList>
    <exportedFolderLangDataList>
        <name>Payment</name>
        <description>Payment</description>
        <language>it-it</language>
    </exportedFolderLangDataList>
    <exportedFolderLangDataList>
        <name>Payment</name>
        <description>Payment</description>
        <language>es-es</language>
    </exportedFolderLangDataList>
    <exportedFolderLangDataList>
        <name>Payment</name>
        <description>Payment</description>
        <language>zh-cn</language>
    </exportedFolderLangDataList>
    <exportedFolderLangDataList>
        <name>Payment</name>
        <description>Payment</description>
        <language>el-gr</language>
    </exportedFolderLangDataList>
    <exportedFolderLangDataList>
        <name>Payment</name>
        <description>Payment</description>
        <language>fr-fr</language>
    </exportedFolderLangDataList>
    <translate>0</translate>
</exportedFolder>
