<?xml version="1.0" encoding="UTF-8" standalone="yes"?>
<exportedTopic xmlns="http://bindings.egain.com/ps/extension/migration/gen/kb">
    <id>1002</id>
    <egainTopicPath>\Topics\[003][HPLIST1]Returns and Refunds[NOMAIL POM, DODO, MMM]</egainTopicPath>
    <translate>1</translate>
    <exportedTopicLangDataList>
        <name>[003][HPLIST1]Returns and Refunds[NOMAIL POM, DODO, MMM]</name>
        <description>[STORE Y]Not a problem. Or as we say in Italy: non c'è problema![/STORE][STORE SHOE]Easy as pie, but not as delicious.[/STORE][STORE TC]Changed your mind? No problem![/STORE]</description>
        <language>en-us</language>
    </exportedTopicLangDataList>
    <exportedTopicLangDataList>
        <name>[003][HPLIST1][Returns and refunds]返品と返金[NOMAIL POM, DODO, MMM]</name>
        <description>[STORE Y]気が変わっても大丈夫。 返品することが可能です。[/STORE][STORE SHOE]方法は、とても簡単。[/STORE][STORE TC]返品手続きは簡単です！[/STORE]</description>
        <language>ja-jp</language>
    </exportedTopicLangDataList>
    <exportedTopicLangDataList>
        <name>[003][HPLIST1][Returns and refunds]반품 및 환불</name>
        <description>[STORE Y]주문상품의 반품이나 환불은 전혀 문제가 없습니다.[/STORE]</description>
        <language>ko-kr</language>
    </exportedTopicLangDataList>
    <exportedTopicLangDataList>
        <name>[003][HPLIST1][Returns and refunds]ВОЗВРАТ[NOMAIL POM, MMM]</name>
        <description>[STORE Y]Мы предлагаем легкую процедуру возврата и возмещения денежных средств.[/STORE][STORE SHOE]Просто как дважды два.[/STORE][STORE TC]Простая процедура возврата.[/STORE]</description>
        <language>ru-ru</language>
    </exportedTopicLangDataList>
    <exportedTopicLangDataList>
        <name>[003][HPLIST1]Rückgaben und Rückerstattungen[NOMAIL POM, DODO, MMM]</name>
        <description>[STORE Y]Werden bei uns problemlos abgewickelt.[/STORE][STORE SHOE]Nichts leichter als das![/STORE] [STORE TC]Idee geändert? Kein Problem![/STORE]</description>
        <language>de-de</language>
    </exportedTopicLangDataList>
    <exportedTopicLangDataList>
        <name>[003][HPLIST1]Resi e Rimborsi[NOMAIL POM, DODO, MMM]</name>
        <description>[STORE Y]Con noi puoi sempre cambiare idea.[/STORE][STORE SHOE]Semplice come ordinare un caffè.[/STORE][STORE TC]Hai cambiato idea? Nessun problema![/STORE]</description>
        <language>it-it</language>
    </exportedTopicLangDataList>
    <exportedTopicLangDataList>
        <name>[003][HPLIST1]Devoluciones y Reembolsos[NOMAIL POM, DODO, MMM]</name>
        <description>[STORE Y]¡Ningún problema! o como decimos en Italia: non c'è problema![/STORE][STORE SHOE]Es tan fácil como contar hasta tres...[/STORE][STORE TC]¿Has cambiado de idea? ¡Ningún problema![/STORE]</description>
        <language>es-es</language>
    </exportedTopicLangDataList>
    <exportedTopicLangDataList>
        <name>[003][HPLIST1]退货与退款  [Returns and refunds]</name>
        <description></description>
        <language>zh-cn</language>
    </exportedTopicLangDataList>
    <exportedTopicLangDataList>
        <name>[003][HPLIST1][Returns and refunds]ΕΠΙΣΤΡΟΦΕΣ</name>
        <description>Κανένα πρόβλημα. Ή όπως λέμε στην Ιταλία, non c'é problema.</description>
        <language>el-gr</language>
    </exportedTopicLangDataList>
    <exportedTopicLangDataList>
        <name>[003][HPLIST1]Retours et remboursements[NOMAIL POM, DODO, MMM]</name>
        <description>[STORE Y]Aucun problème. Comme on dit en Italie : non c'è problema.[/STORE][STORE SHOE]Simple comme bonjour.[/STORE][STORE TC]Vous avez changé d'avis ? Pas de soucis ![/STORE]</description>
        <language>fr-fr</language>
    </exportedTopicLangDataList>
</exportedTopic>
